date,open,high,low,close
2025-05-28,73.5,73.79,71.73,71.9
2025-05-29,72.0,73.2,71.91,72.87
2025-05-30,72.43,73.47,70.99,71.58
2025-06-03,71.26,73.99,71.05,73.23
2025-06-04,73.14,73.6,73.03,73.29
2025-06-05,73.3,74.4,73.12,74.29
2025-06-06,74.5,75.84,74.05,74.62
2025-06-09,74.49,75.5,73.7,75.05
2025-06-10,75.17,75.17,72.64,73.26
2025-06-11,73.25,74.1,72.79,72.81
2025-06-12,72.8,73.39,72.25,72.49
2025-06-13,72.23,73.36,71.72,71.79
2025-06-16,71.51,72.36,71.11,71.34
2025-06-17,71.8,71.8,70.88,71.55
2025-06-18,71.12,72.22,70.9,71.68
2025-06-19,71.57,72.36,70.94,71.0
2025-06-20,71.17,72.25,71.03,71.09
2025-06-23,70.62,72.22,69.88,71.99
2025-06-24,72.19,73.19,71.5,72.96
2025-06-25,73.3,74.68,73.11,74.38
2025-06-26,74.22,74.55,73.1,73.1
2025-06-27,73.56,74.08,73.05,73.19
2025-06-30,73.58,74.49,73.41,74.1
2025-07-01,74.19,75.5,73.98,74.77
2025-07-02,74.8,74.81,73.3,73.62
2025-07-03,73.75,73.86,73.0,73.6
2025-07-04,73.37,73.55,71.97,72.13
2025-07-07,72.1,72.55,71.75,71.9
2025-07-08,71.99,74.44,71.99,73.95
2025-07-09,73.8,74.28,72.99,73.23
2025-07-10,73.01,73.45,72.45,72.98
2025-07-11,71.0,71.36,68.0,69.87
2025-07-14,69.87,70.12,69.39,69.91
2025-07-15,69.91,70.25,69.46,69.7
2025-07-16,69.0,69.0,67.7,68.56
2025-07-17,68.41,69.21,68.2,69.2
2025-07-18,69.21,69.63,68.75,69.49
2025-07-21,69.26,69.58,69.02,69.32
2025-07-22,69.3,69.74,69.03,69.35
2025-07-23,69.24,69.88,69.03,69.31
2025-07-24,69.39,70.99,69.11,70.74
2025-07-25,70.67,71.16,70.05,70.98
2025-07-28,71.0,72.2,70.23,71.37
2025-07-29,71.0,71.79,70.76,71.43
2025-07-30,71.43,71.96,69.9,70.22
2025-07-31,70.23,70.84,69.08,69.3
2025-08-01,69.22,69.56,68.53,68.93
2025-08-04,68.52,69.36,68.26,69.08
2025-08-05,69.14,70.29,68.95,69.78
2025-08-06,69.69,70.33,69.3,70.27
2025-08-07,70.27,70.84,69.7,69.97
2025-08-08,69.9,69.95,68.71,68.84
2025-08-11,68.83,70.05,68.81,69.75
2025-08-12,69.67,70.8,69.31,70.42
2025-08-13,70.38,73.76,70.34,72.27
2025-08-14,73.69,75.39,72.31,72.7
2025-08-15,72.12,73.92,72.1,73.8
2025-08-18,74.5,80.0,73.85,78.81
2025-08-19,78.5,78.5,76.66,76.86
2025-08-20,76.7,82.18,76.6,81.42
2025-08-21,81.43,81.88,79.58,80.41
2025-08-22,81.3,83.15,80.51,82.03
2025-08-25,82.8,83.8,79.04,80.73
2025-08-26,79.77,80.35,78.62,79.1
2025-08-27,79.21,84.2,78.77,79.95
2025-08-28,79.9,82.33,79.57,82.32
2025-08-29,82.92,83.1,79.82,80.99
2025-09-01,81.84,82.76,79.88,81.27
2025-09-02,81.01,81.96,77.0,77.55
2025-09-03,78.08,80.28,77.08,77.41
2025-09-04,77.3,77.96,72.51,73.69
2025-09-05,73.92,75.75,73.65,75.53
2025-09-08,75.7,76.09,74.47,75.53
2025-09-09,75.16,75.47,73.39,73.79
2025-09-10,73.84,75.21,73.57,73.7
2025-09-11,73.7,76.1,72.9,75.99
2025-09-12,76.05,81.62,75.63,79.06
2025-09-15,80.15,80.68,77.6,77.71
2025-09-16,77.74,78.2,76.67,77.7
2025-09-17,77.7,80.88,77.21,80.38
2025-09-18,80.39,83.18,79.01,80.16
2025-09-19,80.2,82.25,79.11,79.37
2025-09-22,80.93,81.88,80.03,81.18
2025-09-23,82.2,82.4,78.7,82.35
2025-09-24,83.27,98.82,82.78,98.82
2025-09-25,100.0,103.23,96.22,100.1
2025-09-26,99.75,107.77,97.91,105.04
2025-09-29,104.5,110.29,101.68,107.1
2025-09-30,107.46,107.46,100.5,101.9
2025-10-09,105.52,107.4,100.8,101.83
2025-10-10,99.03,101.38,96.26,99.98
2025-10-13,99.03,114.52,99.0,114.52
2025-10-14,112.89,112.89,103.7,105.9
2025-10-15,103.2,103.7,98.99,101.28
2025-10-16,100.0,105.0,98.53,101.38
2025-10-17,99.59,99.7,93.85,94.54
2025-10-20,96.58,96.7,91.62,92.41
2025-10-21,93.26,94.42,92.2,93.28
2025-10-22,92.0,93.6,91.51,92.45
2025-10-23,91.7,92.57,90.09,92.21
2025-10-24,93.77,97.0,92.9,96.04
2025-10-27,97.61,101.51,95.69,100.65
2025-10-28,99.65,99.65,96.9,97.4
2025-10-29,97.24,98.97,95.75,98.18
2025-10-30,98.08,98.98,95.72,95.8
2025-10-31,95.28,96.58,93.35,94.0
2025-11-03,92.65,92.88,89.2,91.72
2025-11-04,91.39,92.4,90.09,90.55
2025-11-05,88.91,90.5,88.27,90.01
2025-11-06,90.9,92.73,90.69,92.41
2025-11-07,91.01,91.95,90.25,90.4
2025-11-10,90.9,93.18,90.6,91.39
2025-11-11,92.96,93.99,90.68,90.93
2025-11-12,91.2,92.53,87.77,90.94
2025-11-13,90.76,92.33,89.9,91.55
2025-11-14,90.0,90.76,87.51,87.51
2025-11-17,88.02,89.59,86.31,86.88
2025-11-18,86.52,89.2,86.08,87.72
2025-11-19,87.05,89.18,86.58,87.31
2025-11-20,88.53,88.88,85.8,85.8
2025-11-21,84.05,85.7,81.46,81.56
2025-11-24,82.25,83.65,81.72,83.3
2025-11-25,83.69,86.0,83.38,84.36
2025-11-26,83.96,85.25,83.33,84.46
2025-11-27,84.54,86.57,83.66,83.86
2025-11-28,83.59,85.99,83.39,85.29
2025-12-01,85.96,88.7,85.36,88.26
2025-12-02,87.5,87.93,86.15,86.32
2025-12-03,86.58,87.54,85.75,86.3
2025-12-04,85.4,87.95,85.2,87.28
2025-12-05,87.29,87.88,85.33,87.32
2025-12-08,87.32,89.4,87.01,88.78
2025-12-09,88.0,89.08,87.33,87.7
2025-12-10,87.1,89.23,86.59,88.73
2025-12-11,88.5,89.26,87.2,87.23
2025-12-12,87.1,89.83,86.58,89.05
2025-12-15,88.01,91.29,88.01,90.26
2025-12-16,90.01,91.48,88.0,90.01
2025-12-17,89.0,92.15,87.51,91.87
2025-12-18,91.04,93.8,91.01,91.4
2025-12-19,91.99,92.3,89.6,89.83
2025-12-22,89.01,93.7,89.01,92.71
2025-12-23,92.25,95.66,92.01,95.65
2025-12-24,95.7,97.78,94.8,96.76
2025-12-25,96.76,99.9,95.33,96.25
2025-12-26,96.5,96.8,94.0,94.66
2025-12-29,94.26,95.26,93.14,93.52
2025-12-30,93.35,94.8,92.9,93.01
2025-12-31,94.0,94.5,92.0,92.0
2026-01-05,92.92,103.0,92.88,100.3
2026-01-06,98.89,111.0,98.81,107.05
2026-01-07,109.2,111.77,106.16,110.8
2026-01-08,110.0,117.5,109.28,112.28
2026-01-09,110.28,114.26,109.61,113.51
2026-01-12,112.4,116.6,110.21,115.23
2026-01-13,114.06,118.66,113.62,115.08
2026-01-14,115.44,122.0,114.35,120.33
2026-01-15,119.13,128.67,118.33,128.62
2026-01-16,127.34,131.36,124.97,129.11
2026-01-19,130.89,131.99,126.26,126.81
2026-01-20,126.37,129.5,124.28,127.65
2026-01-21,126.0,129.4,122.7,123.79
2026-01-22,125.9,126.97,122.08,123.68
2026-01-23,123.59,123.59,117.0,122.03
2026-01-26,121.5,121.5,117.1,118.0
2026-01-27,118.16,120.33,116.4,119.4
2026-01-28,119.88,120.92,117.01,118.55
2026-01-29,118.98,119.7,113.47,113.48
2026-02-06,113.58,129.61,110.33,123.61
2026-02-09,125.0,136.83,125.0,129.38
2026-02-10,128.09,133.32,124.86,132.2
2026-02-11,129.8,133.35,126.0,130.69
2026-02-12,132.64,146.24,131.52,144.3
2026-02-13,141.2,147.88,140.2,145.05
2026-02-24,144.06,145.0,137.01,143.0
2026-02-25,145.86,164.56,144.83,159.3
2026-02-26,159.34,163.8,156.0,163.0
2026-02-27,159.0,163.66,157.03,162.01
2026-03-02,156.33,162.0,156.32,157.84
2026-03-03,157.04,167.81,154.28,154.58
2026-03-04,150.0,155.97,148.51,150.01
2026-03-05,156.01,156.5,149.26,151.5
2026-03-06,150.48,151.93,146.78,148.37
2026-03-09,144.89,152.99,141.95,151.51
2026-03-10,153.85,154.73,150.53,154.18
2026-03-11,153.0,154.6,148.2,149.26
2026-03-12,150.0,152.88,143.07,147.52
2026-03-13,145.1,150.4,144.0,144.9
2026-03-16,145.75,146.9,138.5,142.7
2026-03-17,143.61,144.1,136.0,136.12
2026-03-18,137.89,138.6,134.81,137.42
2026-03-19,136.13,139.95,133.55,136.65
2026-03-20,137.38,139.94,133.0,133.14
2026-03-23,130.77,132.89,124.71,125.71
2026-03-24,128.24,131.34,125.48,130.85
2026-03-25,133.52,141.87,133.46,137.35
2026-03-26,137.31,137.35,132.66,133.6
2026-03-27,131.49,147.98,130.85,146.02
2026-03-30,144.84,146.49,141.5,146.49
2026-03-31,144.8,145.3,138.6,139.22
2026-04-01,143.88,144.6,139.0,140.27
2026-04-02,139.53,139.9,133.4,135.5
2026-04-03,136.3,151.45,135.32,149.14
2026-04-07,149.99,153.28,148.04,149.51
2026-04-08,150.54,160.65,149.6,159.61
2026-04-09,156.0,160.0,155.36,156.97
2026-04-10,158.98,164.8,156.5,156.5
2026-04-13,155.24,158.72,154.84,156.02
2026-04-14,158.0,164.5,156.68,161.92
2026-04-15,161.93,161.93,153.41,154.35
2026-04-16,154.69,155.35,150.12,154.05
2026-04-17,151.76,161.73,149.69,159.42
2026-04-20,158.84,158.85,153.28,156.96
2026-04-21,157.0,159.94,153.13,157.22
2026-04-22,156.57,160.68,155.21,160.66
2026-04-23,160.8,163.0,152.35,155.95
2026-04-24,155.2,158.5,153.87,156.21
2026-04-27,160.0,171.96,160.0,167.75
2026-04-28,167.8,180.0,165.04,179.37
2026-04-29,168.0,175.76,162.29,175.39
2026-04-30,172.0,191.11,169.0,179.71
2026-05-06,185.0,195.6,181.01,182.01
2026-05-07,183.31,186.6,177.28,186.55
2026-05-08,180.6,181.8,172.0,173.43
2026-05-11,176.9,185.0,174.01,185.0
2026-05-12,183.0,183.28,177.77,181.77
2026-05-13,177.04,187.27,174.09,186.25
2026-05-14,187.0,195.0,180.0,180.0
2026-05-15,181.67,197.99,181.11,189.86
2026-05-18,189.92,202.5,186.28,201.26
2026-05-19,199.0,216.49,196.0,213.93
2026-05-20,209.88,218.0,205.24,213.68
2026-05-21,216.5,222.22,188.9,191.02
2026-05-22,192.99,201.87,184.0,196.6
2026-05-25,197.9,209.38,189.68,207.99
2026-05-26,205.63,205.63,188.25,197.09
2026-05-27,195.0,197.99,182.24,183.4
2026-05-28,182.18,204.97,181.67,203.05
2026-05-29,204.0,204.14,187.74,190.2
2026-06-01,189.25,198.6,186.55,188.06
2026-06-02,188.6,215.88,188.6,209.22
2026-06-03,209.16,214.44,204.27,208.0
2026-06-04,205.0,213.46,205.0,210.53
2026-06-05,205.55,215.96,198.2,201.19
2026-06-08,195.0,205.8,191.0,193.57
2026-06-09,199.0,226.5,195.22,224.88
2026-06-10,224.85,249.88,220.0,243.67
2026-06-11,255.13,292.4,255.13,292.4
2026-06-12,337.21,338.88,271.93,274.08
2026-06-15,284.0,298.0,265.6,293.6
2026-06-16,293.0,308.8,288.18,299.61
2026-06-17,288.0,304.4,285.01,301.57
2026-06-18,301.58,325.68,300.6,311.2
2026-06-22,323.0,326.53,299.19,308.75
2026-06-23,300.1,308.53,289.0,292.83
2026-06-24,291.72,308.62,285.0,304.04
2026-06-25,314.0,337.7,304.1,330.0
2026-06-26,326.7,366.65,324.48,354.78
2026-06-29,369.1,388.99,339.02,382.48
2026-06-30,372.0,374.97,345.8,368.6
2026-07-01,369.0,418.99,369.0,394.33
2026-07-02,370.11,375.0,340.51,342.47
2026-07-03,348.4,351.0,320.88,332.19
2026-07-06,338.83,342.79,311.0,326.86
2026-07-07,326.0,336.99,316.24,329.0
2026-07-08,329.12,347.6,307.0,333.86
2026-07-09,339.46,366.88,328.55,364.48
2026-07-10,369.0,385.0,340.44,340.44
2026-07-13,332.08,346.8,315.19,318.34
2026-07-14,324.0,324.99,291.18,311.39
2026-07-15,316.0,316.98,280.0,282.14
2026-07-16,253.75,264.48,233.42,240.0
2026-07-17,239.67,241.41,216.5,218.04
2026-07-20,225.0,229.0,190.1,199.0
2026-07-21,205.02,237.78,183.83,236.76
2026-07-22,236.0,248.93,231.0,235.08
2026-07-23,239.79,240.99,223.39,227.79
2026-07-24,226.93,236.58,217.8,229.47
2026-07-27,229.47,241.5,219.01,240.85
2026-07-28,234.14,240.44,220.5,223.02
2026-07-29,223.38,225.88,205.88,219.66
2026-07-30,217.11,220.88,193.2,197.06
2026-07-31,220.8,223.23,203.22,203.42
2026-08-03,202.47,203.1,184.2,185.01
2026-08-04,188.02,202.68,185.25,200.08
2026-08-05,200.0,229.33,198.51,222.4
2026-08-06,215.0,240.0,215.0,238.62
2026-08-07,245.94,255.25,240.0,252.54
2026-08-10,253.0,264.0,251.0,261.68
2026-08-11,256.0,261.0,250.01,253.99
2026-08-12,257.88,268.74,257.8,264.05
2026-08-13,268.89,269.84,250.88,251.02
2026-08-14,256.07,257.5,248.8,255.9
2026-08-17,256.8,272.9,256.8,269.82
2026-08-18,270.15,279.78,268.0,278.28
2026-08-19,264.68,272.0,249.0,252.57
2026-08-20,258.51,259.98,245.96,249.05
2026-08-21,247.0,253.36,243.56,246.7
2026-08-24,248.11,255.88,240.6,250.4
2026-08-25,233.01,238.98,224.0,235.5
2026-08-26,234.0,242.0,231.0,235.86
2026-08-27,240.58,248.69,234.0,248.18
2026-08-28,247.1,249.27,239.27,239.82
2026-08-31,237.0,245.9,232.51,244.08
2026-09-01,243.0,243.6,228.4,228.82
2026-09-02,223.66,228.3,221.0,225.44
2026-09-03,229.0,230.05,223.77,227.5
2026-09-04,229.88,231.42,217.58,220.18
2026-09-07,224.1,240.6,222.39,239.25
2026-09-08,239.5,242.5,233.6,234.7
2026-09-09,237.01,240.57,229.04,231.01
2026-09-10,228.88,238.0,228.0,233.7
2026-09-11,230.0,232.0,220.2,230.46
2026-09-14,225.0,239.35,222.22,237.1
2026-09-15,234.83,248.71,234.0,244.71
2026-09-16,246.01,256.0,242.0,252.83
2026-09-17,250.78,254.73,246.0,249.39
2026-09-18,254.56,261.44,249.0,260.44
2026-09-21,262.0,262.7,255.88,257.06
2026-09-22,262.0,262.5,248.51,249.61
