date,ops,trips,user_ret,hold_ret,optimal_ret,quit_early
2025-10-15,10:30 卖@1.995|11:10 买@1.982|13:50 卖@1.994|14:20 买@2.000,2,2.194,2.033,2.992,False
2026-05-07,10:00 卖@2.344|11:15 买@2.353|14:25 卖@2.359,1,0.884,1.114,1.482,False
2025-05-06,10:05 卖@1.489|13:20 买@1.501,1,2.559,2.981,3.098,False
2025-07-15,,0,0.114,0.114,1.773,False
2025-04-01,09:50 全卖@1.488|10:10 买1/3@1.495|13:35 全接@1.494,1,-0.31,0.134,0.92,False
2025-04-16,09:40 全卖@1.380|10:20 买1/2@1.370|11:00 全接@1.363,1,-1.146,-2.094,1.625,True
2025-07-28,11:00 全卖@1.830|14:45 全接@1.834,1,1.028,1.269,1.693,False
2024-12-16,,0,-1.555,-1.555,0.485,False
2025-07-30,09:35 卖1/3@1.827|10:30 买1/3@1.825|11:20 卖1/3@1.827|13:05 卖1/3@1.827|14:15 买1/3@1.815|14:15 全接@1.815,1,0.429,0,1.309,False
2025-02-20,10:00 卖1/2@1.464|11:15 买1/2@1.465|13:45 卖1/2@1.472,0,0.074,0.408,1.006,False
