code,name,trades,win_rate,avg_ret,pl_ratio
515880,通信ETF国泰,2,0.0,-0.06566277365246442,
512890,红利低波ETF,4,0.25,0.005681561205352542,23.334307553956478
512100,中证1000ETF,4,0.75,0.045437950833143836,101.69025565844575
159552,中证2000增强ETF,2,1.0,0.09052791972283047,
002636,金安国纪,3,1.0,0.16653541032214733,
603186,华正新材,2,1.0,0.3152526320806832,
600183,生益科技,2,1.0,0.10814249718059965,
301217,铜冠铜箔,4,0.5,0.14653383187999103,7.724855376475204
002463,沪电股份,1,1.0,0.043771626297577804,
002916,深南电路,2,1.0,0.12892755769687703,
603228,景旺电子,3,0.6666666666666666,0.027917199138694244,1.8270784518103955
002938,鹏鼎控股,2,0.0,-0.004771641687072559,
002384,东山精密,3,0.6666666666666666,0.12799569030184763,1.529204284075365
603175,超颖电子,4,1.0,0.13739329662549593,
601869,长飞光纤,3,1.0,0.1804765743743264,
600522,中天科技,3,1.0,0.10518438871534024,
600487,亨通光电,2,1.0,0.08599873433352412,
600498,烽火通信,3,1.0,0.22460298658056174,
603688,石英股份,3,1.0,0.11392181341275583,
300395,菲利华,4,0.75,0.09958823446202794,4.828446108023516
601138,工业富联,3,0.6666666666666666,-0.006985367626153908,0.432218205768422
000977,浪潮信息,3,0.6666666666666666,0.005277525394227767,2.786634474976834
603019,中科曙光,3,0.6666666666666666,0.04425905619520876,1.0178309574839426
002837,英维克,4,0.75,0.0696557363097986,5.157866337917613
301018,申菱环境,4,1.0,0.13179809672421033,
300857,协创数据,3,1.0,0.3228260422329082,
603629,利通电子,3,1.0,0.28207412367703305,
000815,美利云,3,0.6666666666666666,0.05411541773052234,1.6710105828035207
002929,润建股份,2,1.0,0.08952101713233729,
688256,寒武纪,3,0.6666666666666666,0.030934638008228193,2.3998642135401247
688041,海光信息,4,0.25,-0.00550940937557115,2.571197947840174
300499,高澜股份,3,1.0,0.1569439660926247,
603256,宏和科技,2,1.0,0.3128913619639556,
301526,国际复材,3,1.0,0.20058048527510422,
605006,山东玻纤,2,1.0,0.09538181409463864,
600176,中国巨石,3,1.0,0.3657829157453772,
300308,中际旭创,2,0.0,-0.12166390177170294,
300502,新易盛,4,0.5,-0.027505786272235183,0.29193075724324213
300394,天孚通信,4,0.75,0.08430301706189128,0.8557357734403485
002281,光迅科技,4,0.75,0.0696107436786482,0.7232470304548119
603083,剑桥科技,4,0.75,0.19285182404335344,4.438202549005758
603986,兆易创新,3,0.3333333333333333,0.012137296847955873,2.3948190912804685
001309,德明利,3,1.0,0.35162885161400115,
301308,江波龙,3,1.0,0.1765512442849344,
688525,佰维存储,3,0.6666666666666666,0.10636266874931244,28.027745590105066
688008,澜起科技,3,0.3333333333333333,-0.041776017657882636,0.622533404175284
300475,香农芯创,3,0.3333333333333333,0.15444009171857032,8.525037642330252
000021,深科技,3,0.6666666666666666,0.04684099882313345,1.1484132551373751
000636,风华高科,3,1.0,0.2596005609856175,
300408,三环集团,2,1.0,0.22339767542721367,
300285,国瓷材料,3,1.0,0.16702117238463585,
002859,洁美科技,3,0.6666666666666666,0.09450519348438453,8.296678462461722
301566,达利凯普,3,1.0,0.22980049830170204,
603678,火炬电子,3,0.6666666666666666,0.05554706687640476,3.8846868352290844
