code,name,ytd,close,in_pool
300903,科翔股份,4.664074650077761,109.26,False
603618,杭电股份,4.1712158808933,41.68,False
603186,华正新材,4.071975806451612,251.57,True
002636,金安国纪,3.9718731298623577,83.08,True
301526,国际复材,3.5585714285714287,31.91,True
603629,利通电子,3.0667917448405255,108.38,True
601869,长飞光纤,2.936060501890684,458.0,True
300489,光智科技,2.917716535433071,199.02,False
603256,宏和科技,2.779951100244498,139.14,True
301217,铜冠铜箔,2.324095682613769,113.95,True
301511,德福科技,2.14473316568874,112.55,False
300868,杰美特,2.0110410094637228,95.45,False
301377,鼎泰高科,1.8874191229331418,401.64,False
002428,云南锗业,1.853543307086614,90.6,True
301362,民爆光电,1.783361384948305,115.76,False
003018,金富科技,1.7726750861079217,48.3,False
603938,三孚股份,1.751439037153323,52.58,True
600176,中国巨石,1.749707602339181,47.02,True
300666,江丰电子,1.6671739130434782,245.38,False
300604,长川科技,1.6443588984305593,267.9,False
300757,罗博特科,1.5926703814830687,604.87,False
300843,胜蓝股份,1.578549262994569,132.95,False
603773,沃格光电,1.5505935556811754,90.24,False
603002,宏昌电子,1.548037889039242,18.83,False
600487,亨通光电,1.543469470279013,62.9,True
002281,光迅科技,1.415868477483917,168.99,True
603991,领先股份,1.4030681509638883,177.01,False
600667,太极实业,1.383939774153074,19.0,False
600206,有研新材,1.3177570093457946,47.12,False
002008,大族激光,1.286234522942462,94.17,False
603738,泰晶科技,1.2762571610439206,35.76,False
600330,天通股份,1.2414318354912415,29.43,False
000657,中钨高新,1.2370985203897509,61.99,False
301200,大族数控,1.184726782857624,259.48,False
002384,东山精密,1.179326639102185,184.48,True
300567,精测电子,1.119736842105263,193.32,False
600183,生益科技,1.108248144517575,150.55,True
001389,广合科技,1.103883376209727,171.74,False
300975,商络电子,1.0685579196217496,26.25,False
300936,中英科技,1.022820512820513,78.89,False
000811,冰轮环境,0.9649028077753781,36.39,False
002436,兴森科技,0.9305621162021727,40.87,False
300620,光库科技,0.9302278136688198,283.84,False
600522,中天科技,0.9050772626931567,34.52,True
300319,麦捷科技,0.8845166809238667,22.03,False
300814,中富电路,0.8832837435758725,139.25,False
301366,一博科技,0.870144598809186,65.96,False
300806,斯迪克,0.8675992192582953,57.41,False
300400,劲拓股份,0.8585858585858583,36.8,False
300480,光力科技,0.8569718731298623,31.03,False
002787,华源控股,0.8538152610441767,23.08,False
301132,满坤科技,0.8495495495495498,61.59,False
300283,温州宏丰,0.8286852589641434,13.77,False
301536,星宸科技,0.828075446503088,109.52,False
601208,东材科技,0.8272425249169435,49.5,False
600584,长电科技,0.8186514410005437,66.89,False
300054,鼎龙股份,0.8130319148936169,68.17,False
002536,飞龙股份,0.8070707070707073,53.67,False
002957,科瑞技术,0.8036951501154734,39.05,False
002409,雅克科技,0.8013495276653171,133.48,False
300684,中石科技,0.7931735067045917,88.26,False
002913,奥士康,0.7749181094992981,75.86,False
000823,超声电子,0.7640117994100295,23.92,False
002938,鹏鼎控股,0.7574139976275209,88.89,True
603078,江化微,0.756862745098039,31.36,False
603936,博敏电子,0.7535433070866142,22.27,False
603052,可川科技,0.7486529318541997,55.17,False
002463,沪电股份,0.7303955111536884,126.44,True
003031,中瓷电子,0.7171951886276655,125.63,False
600110,诺德股份,0.7108603667136815,12.13,False
301183,东田微,0.7100393320007736,265.21,False
300852,四会富仕,0.7061288632792038,65.14,False
002353,杰瑞股份,0.7033742764365383,120.65,False
603986,兆易创新,0.6988564760793465,363.98,True
301319,唯特偶,0.693903318903319,93.91,False
002916,深南电路,0.6887080804167205,392.27,True
300570,太辰光,0.6884465599307659,195.1,False
001309,德明利,0.6677303894087716,386.73,True
600105,永鼎股份,0.645418326693227,41.3,False
603083,剑桥科技,0.6207769013246021,217.8,True
301205,联特科技,0.6195478013174294,272.91,False
001267,汇绿生态,0.6031963470319635,35.11,False
300671,富满微,0.592662276575729,50.79,False
301312,智立方,0.5919551731038624,79.55,False
300661,圣邦股份,0.5898892773892772,109.13,False
002815,崇达技术,0.5885797950219618,21.7,False
300398,飞凯材料,0.5774207942882643,35.35,False
301603,乔锋智能,0.5758256274768825,119.29,False
301626,苏州天脉,0.5716586151368759,292.8,False
603650,彤程新材,0.5564114182147712,68.7,False
002579,中京电子,0.5476190476190477,18.85,False
603110,东方材料,0.5448318804483188,24.81,False
301018,申菱环境,0.5338476070528968,97.43,True
002580,圣阳股份,0.5329581993569132,19.07,False
300672,国科微,0.5311280431146626,164.78,False
002156,通富微电,0.522546419098143,57.4,False
002648,卫星化学,0.5186651583710409,26.85,False
603353,和顺石油,0.5162824734723748,41.44,False
601133,柏诚股份,0.5097402597402596,23.25,False
300302,同有科技,0.50606394707828,27.32,False
300857,协创数据,0.49300450557268194,251.84,True
002185,华天科技,0.4913400182315404,16.36,False
002080,中材科技,0.47908640616400655,53.75,False
300214,日科化学,0.4790419161676649,9.88,False
605289,罗曼股份,0.4743004866180047,96.95,False
300042,朗科科技,0.4723735408560312,37.84,False
600378,昊华科技,0.4699624530663329,46.98,False
301265,华新科技,0.46800862688713174,20.42,False
300548,长芯博创,0.4669014084507044,208.3,False
301282,金禄电子,0.46008258774948385,42.43,False
300613,富瀚微,0.4587494572297002,67.19,False
300017,网宿科技,0.4517073170731709,14.88,False
300706,阿石创,0.4453286177424107,49.04,False
603228,景旺电子,0.4380900259953482,105.11,True
301568,思泰克,0.43169173706985364,69.48,False
000070,特发信息,0.43015332197614975,16.79,False
001339,智微智能,0.4265310115437291,72.91,False
300308,中际旭创,0.42550819672131146,869.56,True
300221,银禧科技,0.4224806201550386,14.68,False
301189,奥尼电子,0.41089905725454123,61.36,False
603118,共进股份,0.40956521739130447,16.21,False
300331,苏大维格,0.40142150803461063,45.35,False
605589,圣泉集团,0.3975265017667844,39.55,False
300819,聚杰微纤,0.39716517211455016,48.3,False
002371,北方华创,0.3960965409079027,640.92,False
600673,东阳光,0.3927775300936245,31.24,False
002138,顺络电子,0.390092879256966,49.39,False
002897,意华股份,0.38154244497873124,74.7,False
002025,航天电器,0.37741871135048854,69.05,False
002290,禾盛新材,0.3564551422319475,61.99,False
300657,弘信电子,0.3485177151120751,37.3,False
301273,瑞晨环保,0.34692336730841844,35.68,False
000021,深科技,0.34375,33.97,True
301308,江波龙,0.3426727658879267,328.74,True
300689,澄天伟业,0.3397107897664071,60.22,False
000938,紫光股份,0.33780487804878034,32.91,False
300236,上海新阳,0.33030112923462984,84.82,False
002851,麦格米特,0.3254135672254914,119.38,False
605058,澳弘电子,0.32044560943643496,40.3,False
300323,华灿光电,0.3195488721804509,10.53,False
603688,石英股份,0.31765992345544025,48.2,True
300083,创世纪,0.31053203040173716,12.07,False
301251,威尔高,0.29609793420045905,67.76,False
002902,铭普光磁,0.29219920669898625,29.32,False
300825,阿尔特,0.29132231404958686,12.5,False
300632,光莆股份,0.28997093023255816,17.75,False
002975,博杰股份,0.28987012987012983,99.32,False
603270,金帝股份,0.28745837957824616,34.8,False
300394,天孚通信,0.28365266216815255,260.62,True
000988,华工科技,0.26635572923232065,100.46,False
300373,扬杰科技,0.2633823529411765,85.91,False
600539,狮头股份,0.26326129666011777,12.86,False
600498,烽火通信,0.2590399002493766,40.39,True
300151,昌红科技,0.2586206896551724,18.98,False
300964,本川智能,0.25845323741007187,69.97,False
000725,京东方Ａ,0.2541567695961997,5.28,False
603330,天洋新材,0.24861878453038666,9.04,False
600601,方正科技,0.24573378839590432,14.6,False
002741,光华科技,0.24476570289132615,24.97,False
605178,时空科技,0.24309712299671737,64.38,False
300909,汇创达,0.2359667359667359,59.45,False
002886,沃特股份,0.23572744014732971,26.84,False
300499,高澜股份,0.2346805736636246,37.88,True
603386,骏亚科技,0.2315720808871493,18.88,False
603306,华懋科技,0.23059831772734496,77.54,False
001359,平安电工,0.221830985915493,86.75,False
301099,雅创电子,0.20794172932330812,51.41,False
300223,君正股份,0.2063372312334968,127.92,False
301041,金百泽,0.20220588235294135,32.7,False
603203,快克智能,0.20049166894291193,43.95,False
301165,锐捷网络,0.1963963963963964,106.24,False
601609,金田股份,0.19166666666666643,12.87,False
300184,力源信息,0.18518518518518512,11.84,False
301458,钧崴电子,0.1788719227173572,37.83,False
002396,星网锐捷,0.17458745874587467,35.59,False
605358,立昂微,0.1731763354394027,40.85,False
300811,铂科新材,0.17234609451689797,83.6,False
605020,永和股份,0.1706954258088509,31.48,False
300454,深信服,0.16767974991316437,134.47,False
301630,同宇新材,0.16110458284371343,197.62,False
000620,盈新发展,0.15671641791044766,3.1,False
600060,海信视像,0.1556836902800658,28.06,False
300442,润泽科技,0.15492424242424252,60.98,False
603011,合锻智能,0.14677351328553345,27.19,False
605258,协和电子,0.14646626159258092,35.85,False
600184,光电股份,0.14375655823714606,21.8,False
300088,长信科技,0.14191419141914197,6.92,False
301151,冠龙节能,0.13617021276595742,21.36,False
002213,大为股份,0.1351039260969975,29.49,False
300647,超频三,0.13352685050798252,7.81,False
301638,南网数字,0.13290802764486975,21.31,False
301389,隆扬电子,0.1324661048002933,61.81,False
601677,明泰铝业,0.12846517917511857,16.69,False
300602,飞荣达,0.12545235223160445,37.32,False
300475,香农芯创,0.12082582790633234,161.78,True
000333,美的集团,0.11925783749200236,87.47,False
600596,新安股份,0.11769834350479513,12.82,False
603010,万盛股份,0.11692015209125484,11.75,False
002860,星帅尔,0.1163120567375886,15.74,False
301591,肯特股份,0.11618154908732126,45.25,False
301338,凯格精机,0.10986267166042452,97.79,False
001314,亿道信息,0.10488730194153084,49.51,False
603985,恒润股份,0.10104986876640432,16.78,False
300487,蓝晓科技,0.0979757085020243,67.8,False
300726,宏达电子,0.09703398153604414,55.85,False
300433,蓝思科技,0.09117938553022809,33.03,False
300305,裕兴股份,0.08571428571428563,6.46,False
300012,华测检测,0.08487084870848705,14.7,False
603316,诚邦股份,0.08000000000000007,15.66,False
300560,中富通,0.07549504950495045,17.38,False
300410,正业科技,0.07334963325183375,8.78,False
301128,强瑞技术,0.06926964621940357,107.9,False
300316,晶盛机电,0.06829931972789116,39.26,False
301123,奕东电子,0.06729200652528555,78.51,False
002429,兆驰股份,0.06469002695417791,7.9,False
300131,英唐智控,0.057980900409276837,15.51,False
002635,安洁科技,0.05411255411255422,14.61,False
603005,晶方科技,0.05169920462762101,29.09,False
301348,蓝箭电子,0.048538880633977266,21.17,False
603890,春秋电子,0.0458772473651583,16.87,False
603400,华之杰,0.045515394912985396,54.67,False
300839,博汇股份,0.04401993355481748,12.57,False
002106,莱宝高科,0.03923357664233573,11.39,False
603283,赛腾股份,0.03808864265927969,44.97,False
000100,TCL科技,0.037444933920704804,4.71,False
000977,浪潮信息,0.037237237237237375,69.08,True
002272,川润股份,0.0366972477064218,16.95,False
002158,汉钟精机,0.026368357970435463,25.69,False
300418,昆仑万维,0.025899280575539585,42.78,False
603806,福斯特,0.025787965616045794,14.32,False
002392,北京利尔,0.024064171122994527,7.66,False
603803,瑞斯康达,0.018034265103696878,11.29,False
002577,雷柏科技,0.016844469399214024,18.11,False
300067,安诺其,0.016000000000000014,5.08,False
301095,广立微,0.015618463254776227,72.83,False
300145,南方泵业,0.014830508474576343,4.79,False
001287,中电港,0.013680494263018428,22.97,False
300976,达瑞电子,0.009821874479773562,60.66,False
603297,永新光学,0.007692307692307665,106.11,False
603893,瑞芯微,-0.0031411263181512217,177.72,False
600520,三佳科技,-0.007317073170731714,24.42,False
603681,永冠新材,-0.01211801896733411,18.75,False
300303,聚飞光电,-0.013157894736842035,6.75,False
300260,新莱应材,-0.015292670065037761,56.02,False
301399,英特科技,-0.015881147540983576,19.21,False
300537,广信材料,-0.016032982134676965,21.48,False
601138,工业富联,-0.018211120064464015,60.92,True
002179,中航光电,-0.020033860045146734,34.73,False
300041,回天新材,-0.020758122743682383,10.85,False
300708,聚灿光电,-0.028153153153153143,8.63,False
002845,同兴达,-0.028429282160625458,13.67,False
002871,伟隆股份,-0.03388888888888886,17.39,False
300395,菲利华,-0.03479561316051838,96.81,True
000066,中国长城,-0.03539208882720335,13.9,False
603031,安孚科技,-0.04108352144469529,42.48,False
603339,四方科技,-0.04130943102104434,12.3,False
603019,中科曙光,-0.04250350303596451,82.0,True
002669,康达新材,-0.044078947368420995,14.53,False
300990,同飞股份,-0.0444814198557959,86.14,False
301150,中一科技,-0.044534412955465674,40.12,False
002654,万润科技,-0.04619758351101633,13.42,False
300607,拓斯达,-0.04857316332726158,31.34,False
001223,欧克科技,-0.05084396871140384,46.11,False
301067,显盈科技,-0.053724053724053644,31.0,False
002584,西陇科学,-0.05754614549402837,8.68,False
300596,利安隆,-0.05804311774461035,39.76,False
603068,博通集成,-0.05810234541577819,35.34,False
300005,探路者,-0.06094182825484762,10.17,False
300751,迈为股份,-0.06451769503373961,192.7,False
300502,新易盛,-0.06899832900111402,401.15,True
600160,巨化股份,-0.07053617907339926,35.71,False
002079,苏州固锝,-0.07225130890052367,8.86,False
300767,震安科技,-0.0740384615384615,19.26,False
603267,鸿远电子,-0.07440749586625017,50.38,False
000650,仁和药业,-0.07787610619469032,5.21,False
002475,立讯精密,-0.08340680655968968,51.98,False
002881,美格智能,-0.09290843806104132,40.42,False
300870,欧陆通,-0.09366515837104072,200.3,False
601137,博威合金,-0.09920449227889572,19.25,False
603906,龙蟠科技,-0.09945027486256885,18.02,False
301326,捷邦科技,-0.10278490289483322,97.94,False
002879,长缆科技,-0.10608508346795897,16.6,False
300727,润禾材料,-0.111672278338945,31.66,False
002906,华阳集团,-0.1160889470241987,27.03,False
600703,三安光电,-0.11677282377919318,12.48,False
300913,兆龙互连,-0.11951358540756218,46.34,False
300679,电连技术,-0.1195562859490551,42.86,False
000727,冠捷科技,-0.1220472440944882,2.23,False
603920,世运电路,-0.12208221441850853,42.5,False
301329,信音电子,-0.12404418011894636,20.62,False
600509,天富能源,-0.12469733656174331,7.23,False
300643,万通智控,-0.125,17.01,False
600410,华胜天成,-0.12527964205816544,15.64,False
600114,东睦股份,-0.12765957446808518,26.65,False
300252,金信诺,-0.13201094391244872,12.69,False
300697,电工合金,-0.13230035756853398,14.56,False
300608,思特奇,-0.13369467028003612,9.59,False
002137,实益达,-0.13519813519813517,7.42,False
300586,美联新材,-0.13590449954086326,9.41,False
300545,联得装备,-0.13913326816552618,26.42,False
002195,岩山科技,-0.14245416078984485,6.08,False
300786,国林科技,-0.14548802946592998,13.92,False
000063,中兴通讯,-0.15274841437632136,32.06,False
300429,强力新材,-0.15678919729932483,11.24,False
001308,康冠科技,-0.15771812080536907,17.57,False
603296,华勤技术,-0.15979722283447217,76.24,False
002438,江苏神通,-0.16792452830188676,13.23,False
003001,中岩大地,-0.17386984600099353,16.63,False
603341,龙旗科技,-0.17510648367250348,34.86,False
300531,优博讯,-0.17904656319290457,14.81,False
603220,中贝通信,-0.1793427230046949,17.48,False
300192,科德教育,-0.1812588736393752,17.3,False
301379,天山电子,-0.18297872340425536,21.12,False
000049,德赛电池,-0.1841517857142857,21.93,False
301077,星华新材,-0.18740340030911895,21.03,False
002600,领益智造,-0.18790218790218793,12.62,False
002993,奥海科技,-0.18897277510867072,35.45,False
003019,宸展光电,-0.19056152927120662,27.1,False
000969,安泰科技,-0.19419324131366023,16.93,False
002843,泰嘉股份,-0.1946107784431137,16.14,False
002866,传艺科技,-0.19544697390338706,14.49,False
002861,瀛通通讯,-0.1967397414277684,14.29,False
300496,中科创达,-0.197037037037037,54.2,False
000810,创维数字,-0.20203735144312385,9.4,False
300315,掌趣科技,-0.20242914979757087,3.94,False
002517,恺英网络,-0.2053040695016004,17.38,False
301172,君逸数码,-0.20536119945479336,17.49,False
300709,精研科技,-0.20547073791348602,37.47,False
603505,金石资源,-0.2093147751605996,14.77,False
600775,南京熊猫,-0.20949263502454996,9.66,False
300476,胜宏科技,-0.21128033938382362,226.82,False
300655,晶瑞电材,-0.21760694358338495,12.62,False
000733,振华科技,-0.2182789543980156,40.97,False
002230,科大讯飞,-0.21912905150129247,39.27,False
300113,顺网科技,-0.2198616600790514,15.79,False
300217,东方电热,-0.22007722007722008,4.04,False
301360,荣旗科技,-0.2234132581100141,55.06,False
301236,软通动力,-0.228336495888678,36.6,False
003015,日久光电,-0.23141025641025637,11.99,False
002518,科士达,-0.23866446826051124,36.94,False
603327,福蓉科技,-0.24125230202578263,8.24,False
002261,拓维信息,-0.24320241691842903,25.05,False
002049,紫光国微,-0.24565410480903438,59.45,False
300409,道氏技术,-0.24677634504224089,16.94,False
603690,至纯科技,-0.24960254372019075,23.6,False
002587,奥拓电子,-0.2499999999999999,5.07,False
300253,卫宁健康,-0.25056689342403626,6.61,False
600203,福日电子,-0.25412293853073464,9.95,False
300563,神宇股份,-0.2568157033805888,27.26,False
300916,朗特智能,-0.2647956070774863,24.1,False
300576,容大感光,-0.26822308690012964,28.21,False
002943,宇晶股份,-0.273989898989899,28.75,False
603090,宏盛股份,-0.27484220018034267,40.21,False
300328,宜安科技,-0.27943760984182775,12.3,False
301687,新广益,-0.2801458216489062,51.34,False
301421,波长光电,-0.2837253960633702,74.6,False
002992,宝明科技,-0.28922495274102067,33.84,False
300735,光弘科技,-0.2900241351568785,17.65,False
600171,上海贝岭,-0.29567999999999994,22.01,False
002639,雪人集团,-0.30107526881720437,13.0,False
603236,移远通信,-0.3075149355413479,66.07,False
002792,通宇通讯,-0.30889929742388755,29.51,False
002326,永太科技,-0.3158105939004816,17.05,False
002426,胜利精密,-0.31592689295039167,2.62,False
300752,隆利科技,-0.3161643835616438,12.48,False
301101,明月镜片,-0.3202993000241371,28.16,False
001283,豪鹏科技,-0.3242857142857143,47.3,False
300988,津荣天宇,-0.32571428571428573,15.34,False
300595,欧普康视,-0.32675289312457445,9.89,False
300793,佳禾智能,-0.3280196198651133,10.96,False
300251,光线传媒,-0.33272283272283265,10.93,False
300134,大富科技,-0.33519999999999994,8.31,False
300474,景嘉微,-0.33838875747878117,47.55,False
300128,锦富技术,-0.3397260273972602,4.82,False
300812,易天股份,-0.34055944055944065,18.86,False
603160,汇顶科技,-0.3412658227848101,52.04,False
002456,欧菲光,-0.3502824858757061,6.9,False
603728,鸣志电器,-0.3510711817553558,46.95,False
300598,诚迈科技,-0.35175114204916247,29.8,False
300968,格林精密,-0.3546004029550034,9.61,False
300790,宇瞳光学,-0.3550651955867603,19.29,False
300956,英力股份,-0.3557692307692307,10.72,False
600506,统一股份,-0.3681800839374285,16.56,False
300322,硕贝德,-0.3704653719311103,17.18,False
300541,先进数通,-0.37848605577689254,9.36,False
301489,思泉新材,-0.38306532663316584,122.77,False
603501,豪威集团,-0.3830818109610802,77.67,False
300053,航宇微,-0.3838065194532071,11.72,False
603683,晶华新材,-0.38819390148553556,15.65,False
300102,乾照光电,-0.39078374455732945,16.79,False
300456,赛微电子,-0.3924231593995712,34.0,False
300493,润欣科技,-0.3967147834743654,12.12,False
300698,万马科技,-0.3968668407310705,25.41,False
000818,航锦科技,-0.4036269430051814,11.51,False
301325,曼恩斯特,-0.40553907022749747,30.05,False
301488,豪恩汽电,-0.40568441685723633,90.96,False
000034,神州数码,-0.41017733230531994,22.95,False
001208,华菱线缆,-0.4222129783693843,13.89,False
600699,均胜电子,-0.4228316326530611,18.1,False
301503,智迪科技,-0.42651136993899064,20.68,False
300324,旋极信息,-0.4347826086956522,3.38,False
001298,好上好,-0.435958093950659,16.69,False
301259,艾布鲁,-0.43721633888048406,18.6,False
002837,英维克,-0.4373655159509776,60.14,True
002036,联创电子,-0.441016333938294,6.16,False
300036,超图软件,-0.442180616740088,10.13,False
301479,弘景光电,-0.4551827166168697,47.41,False
300115,长盈精密,-0.5058064516129033,22.98,False
600850,电科数字,-0.5259784075573549,14.05,False
