date,hi_t,lo_t,hi_b,lo_b
2026-04-15,10:03,14:47,10:00-10:30,14:30-15:00
2026-04-16,14:37,09:32,14:30-15:00,09:30-10:00
2026-04-17,13:56,10:13,13:30-14:00,10:00-10:30
2026-04-20,14:58,09:33,14:30-15:00,09:30-10:00
2026-04-21,14:57,09:42,14:30-15:00,09:30-10:00
2026-04-22,14:57,09:31,14:30-15:00,09:30-10:00
2026-04-23,09:37,13:07,09:30-10:00,13:00-13:30
2026-04-24,14:25,11:15,14:00-14:30,11:00-11:30
2026-04-27,13:31,09:43,13:30-14:00,09:30-10:00
2026-04-28,09:48,13:53,09:30-10:00,13:30-14:00
2026-04-29,14:26,09:31,14:00-14:30,09:30-10:00
2026-04-30,14:36,13:31,14:30-15:00,13:30-14:00
2026-05-06,13:06,09:32,13:00-13:30,09:30-10:00
2026-05-07,14:57,10:17,14:30-15:00,10:00-10:30
2026-05-08,13:54,11:04,13:30-14:00,11:00-11:30
2026-05-11,14:18,09:43,14:00-14:30,09:30-10:00
2026-05-12,10:47,13:10,10:30-11:00,13:00-13:30
2026-05-13,14:36,09:31,14:30-15:00,09:30-10:00
2026-05-14,09:31,15:00,09:30-10:00,15:00
2026-05-15,11:14,14:34,11:00-11:30,14:30-15:00
2026-05-18,10:04,14:07,10:00-10:30,14:00-14:30
2026-05-19,15:00,10:16,15:00,10:00-10:30
2026-05-20,13:08,11:14,13:00-13:30,11:00-11:30
2026-05-21,10:14,14:53,10:00-10:30,14:30-15:00
2026-05-22,14:08,09:41,14:00-14:30,09:30-10:00
2026-05-25,14:58,09:33,14:30-15:00,09:30-10:00
2026-05-26,14:53,14:07,14:30-15:00,14:00-14:30
2026-05-27,09:37,14:06,09:30-10:00,14:00-14:30
2026-05-28,13:49,13:12,13:30-14:00,13:00-13:30
2026-05-29,09:31,14:18,09:30-10:00,14:00-14:30
2026-06-01,10:19,11:18,10:00-10:30,11:00-11:30
2026-06-02,13:34,10:06,13:30-14:00,10:00-10:30
2026-06-03,14:04,09:32,14:00-14:30,09:30-10:00
2026-06-04,10:09,14:25,10:00-10:30,14:00-14:30
2026-06-05,11:18,14:45,11:00-11:30,14:30-15:00
2026-06-08,10:47,13:47,10:30-11:00,13:30-14:00
2026-06-09,14:58,09:55,14:30-15:00,09:30-10:00
2026-06-10,09:50,13:51,09:30-10:00,13:30-14:00
2026-06-11,09:33,11:25,09:30-10:00,11:00-11:30
2026-06-12,11:04,09:32,11:00-11:30,09:30-10:00
2026-06-15,15:00,09:37,15:00,09:30-10:00
2026-06-16,10:45,13:43,10:30-11:00,13:30-14:00
2026-06-17,14:58,13:09,14:30-15:00,13:00-13:30
2026-06-18,10:05,11:15,10:00-10:30,11:00-11:30
2026-06-22,14:58,10:31,14:30-15:00,10:30-11:00
2026-06-23,10:36,14:30,10:30-11:00,14:30-15:00
2026-06-24,13:37,11:20,13:30-14:00,11:00-11:30
2026-06-25,11:19,09:38,11:00-11:30,09:30-10:00
2026-06-26,09:33,10:59,09:30-10:00,10:30-11:00
2026-06-29,14:55,10:16,14:30-15:00,10:00-10:30
2026-06-30,14:55,09:36,14:30-15:00,09:30-10:00
2026-07-01,11:17,09:31,11:00-11:30,09:30-10:00
2026-07-02,10:38,14:53,10:30-11:00,14:30-15:00
2026-07-03,14:07,09:55,14:00-14:30,09:30-10:00
2026-07-06,09:31,10:52,09:30-10:00,10:30-11:00
2026-07-07,09:43,13:17,09:30-10:00,13:00-13:30
2026-07-08,11:29,10:06,11:00-11:30,10:00-10:30
2026-07-09,14:50,11:22,14:30-15:00,11:00-11:30
2026-07-10,13:12,14:57,13:00-13:30,14:30-15:00
2026-07-13,09:32,14:35,09:30-10:00,14:30-15:00
2026-07-14,15:00,11:24,15:00,11:00-11:30
2026-07-15,10:03,13:14,10:00-10:30,13:00-13:30
2026-07-16,10:47,14:51,10:30-11:00,14:30-15:00
2026-07-17,09:31,13:47,09:30-10:00,13:30-14:00
2026-07-20,10:04,14:34,10:00-10:30,14:30-15:00
2026-07-21,15:00,10:12,15:00,10:00-10:30
2026-07-22,11:29,09:31,11:00-11:30,09:30-10:00
2026-07-23,14:44,11:12,14:30-15:00,11:00-11:30
2026-07-24,09:49,14:50,09:30-10:00,14:30-15:00
2026-07-27,15:00,09:38,15:00,09:30-10:00
2026-07-28,10:04,14:46,10:00-10:30,14:30-15:00
2026-07-29,13:44,10:07,13:30-14:00,10:00-10:30
2026-07-30,09:38,13:04,09:30-10:00,13:00-13:30
2026-07-31,10:08,11:15,10:00-10:30,11:00-11:30
2026-08-03,09:37,14:09,09:30-10:00,14:00-14:30
2026-08-04,14:10,09:45,14:00-14:30,09:30-10:00
2026-08-05,13:52,09:31,13:30-14:00,09:30-10:00
2026-08-06,14:36,09:31,14:30-15:00,09:30-10:00
2026-08-07,14:58,09:48,14:30-15:00,09:30-10:00
2026-08-10,14:58,13:16,14:30-15:00,13:00-13:30
2026-08-11,11:29,14:42,11:00-11:30,14:30-15:00
2026-08-12,14:46,09:33,14:30-15:00,09:30-10:00
2026-08-13,13:11,14:57,13:00-13:30,14:30-15:00
2026-08-14,09:54,13:19,09:30-10:00,13:00-13:30
2026-08-17,14:58,09:32,14:30-15:00,09:30-10:00
2026-08-18,14:36,11:11,14:30-15:00,11:00-11:30
2026-08-19,09:32,14:43,09:30-10:00,14:30-15:00
2026-08-20,09:47,14:04,09:30-10:00,14:00-14:30
2026-08-21,14:34,09:39,14:30-15:00,09:30-10:00
2026-08-24,09:36,13:53,09:30-10:00,13:30-14:00
2026-08-25,13:16,09:48,13:00-13:30,09:30-10:00
2026-08-26,10:44,09:31,10:30-11:00,09:30-10:00
2026-08-27,14:49,09:44,14:30-15:00,09:30-10:00
2026-08-28,10:23,09:31,10:00-10:30,09:30-10:00
2026-08-31,09:41,09:31,09:30-10:00,09:30-10:00
