code,trades,win_rate,avg_ret,pl_ratio
600176,1,1.0,0.8028956057912118,
300489,1,1.0,0.6133297355639502,
002515,1,1.0,0.5775862068965518,
301580,1,1.0,0.5665514261019879,
603773,1,1.0,0.46655146877314246,
601869,1,1.0,0.4483420663173474,
600667,1,1.0,0.378070701018574,
301205,1,1.0,0.3707907150530101,
002346,1,1.0,0.3564469914040116,
002490,1,1.0,0.3560864618885098,
600641,1,1.0,0.3512531783508901,
001309,1,1.0,0.3470774276677988,
002428,1,1.0,0.3213423996490459,
002741,1,1.0,0.30998248686514884,
605376,1,1.0,0.30069116042197175,
600673,2,1.0,0.28816664378937185,
603618,2,1.0,0.2858727641423676,
603823,1,1.0,0.2858177866328562,
002584,1,1.0,0.27419354838709675,
600410,1,1.0,0.2734339277549154,
605318,1,1.0,0.26710097719869696,
002674,1,1.0,0.24710080285459401,
002235,1,1.0,0.24348958333333348,
603110,1,1.0,0.23529411764705888,
002913,2,1.0,0.23270147734181013,
600513,1,1.0,0.22586359610274598,
600520,1,1.0,0.21693121693121697,
002853,1,1.0,0.2164902998236331,
301520,1,1.0,0.21468593335299335,
300688,1,1.0,0.20015337423312896,
000811,1,1.0,0.19818376068376065,
600396,2,1.0,0.19581186894704306,
000510,1,1.0,0.19259259259259243,
605299,1,1.0,0.19058935361216744,
002965,1,1.0,0.18543768748295597,
603757,1,1.0,0.17824267782426784,
002762,1,1.0,0.17418546365914778,
300285,1,1.0,0.17316951685206705,
000608,1,1.0,0.1717791411042946,
001376,1,1.0,0.16926503340757226,
002903,1,1.0,0.16734693877551,
605289,2,1.0,0.16112490890268671,
603124,1,1.0,0.16018363939899838,
000695,1,1.0,0.15833973866256734,
002281,1,1.0,0.1580366071040391,
603335,1,1.0,0.15040650406504064,
603601,2,1.0,0.1389018691588786,
002303,1,1.0,0.13675213675213693,
603663,2,0.5,0.1320129351471132,15.23708731355787
603629,1,1.0,0.13173466209903473,
002388,1,1.0,0.13086770981507811,
603657,1,1.0,0.12836438923395455,
001337,1,1.0,0.12761792914464665,
605056,1,1.0,0.12679524004924092,
002042,1,1.0,0.12641083521444707,
600857,2,0.5,0.12540664177701888,5.127725589032732
002141,1,1.0,0.1252115059221659,
002929,1,1.0,0.12423625254582493,
600330,4,1.0,0.12048779065944648,
605006,1,1.0,0.11963023382272975,
002554,1,1.0,0.11638954869358664,
603527,1,1.0,0.11606313834726101,
002083,1,1.0,0.11469534050179209,
003035,1,1.0,0.11187845303867405,
603158,1,1.0,0.1110116383169204,
603175,1,1.0,0.10837382755113567,
603938,1,1.0,0.10516451478550604,
603009,2,0.5,0.10405223625585142,14.496670329081427
605168,1,1.0,0.10351600864270294,
603863,1,1.0,0.1034288926363125,
002636,2,1.0,0.10132879542817419,
002138,1,1.0,0.09717153284671531,
600184,1,1.0,0.09526627218934935,
002536,1,1.0,0.09510086455331401,
603026,1,1.0,0.09479678427869587,
002745,2,1.0,0.09388694871497483,
600255,1,1.0,0.09090909090909083,
603897,3,0.6666666666666666,0.08677300112337849,0.8708935775692902
600563,1,1.0,0.08473468417612473,
001400,1,1.0,0.08422097851597754,
600345,2,1.0,0.08213886092343214,
603267,1,1.0,0.08029904471826099,
001223,1,1.0,0.07791648730090395,
300814,1,1.0,0.07748600947051232,
300721,1,1.0,0.07632933104631223,
603687,1,1.0,0.07508532423208192,
600719,1,1.0,0.07500000000000018,
002203,1,1.0,0.07453754080522312,
605111,1,1.0,0.07397504456327986,
002927,1,1.0,0.07121661721068251,
002821,2,1.0,0.07021329588564573,
600601,2,1.0,0.06609667031087263,
603937,1,1.0,0.06605222734255012,
603139,1,1.0,0.06580138846966488,
603163,1,1.0,0.061428916244267384,
603803,1,1.0,0.05997210599721048,
000973,1,1.0,0.05933062880324558,
603005,2,1.0,0.0575769693088638,
001360,1,1.0,0.05744255744255744,
002558,1,1.0,0.05708092485549132,
601096,1,1.0,0.05666156202143946,
002975,1,1.0,0.05523489442536711,
002174,1,1.0,0.05499153976311333,
002472,1,1.0,0.053161592505854616,
603137,1,1.0,0.050761421319797106,
002046,1,1.0,0.05059470974613878,
603061,1,1.0,0.050259248656042255,
000962,1,1.0,0.04963600264725354,
301107,1,1.0,0.0479596129575095,
603685,1,1.0,0.0473790322580645,
600726,1,1.0,0.046666666666666634,
603031,1,1.0,0.04471212739893837,
002774,1,1.0,0.04387096774193555,
002887,1,1.0,0.04365733113673809,
000593,1,1.0,0.04172335600907018,
002478,2,0.5,0.04170750512931093,5.625362318840591
002915,1,1.0,0.04144319843978539,
605288,3,1.0,0.040881438922913516,
600151,1,1.0,0.04058853373921867,
600982,1,1.0,0.03972366148531936,
600460,1,1.0,0.03916842422416411,
605198,1,1.0,0.03842763969680951,
603466,1,1.0,0.03831775700934581,
603255,1,1.0,0.037253694581280916,
603216,1,1.0,0.03721488595438194,
603060,1,1.0,0.031294452347083945,
600222,1,1.0,0.030303030303030498,
600137,1,1.0,0.029823768639855475,
600602,1,1.0,0.02776203966005686,
600237,1,1.0,0.02626970227670755,
603400,1,1.0,0.026065162907268125,
605196,1,1.0,0.025869565217391255,
002952,1,1.0,0.02510788544527265,
601015,1,1.0,0.024809160305343525,
600032,1,1.0,0.024505183788878337,
000547,1,1.0,0.023747560182173055,
600105,1,1.0,0.02080123266563949,
000815,1,1.0,0.020564323290291675,
002993,1,1.0,0.020265236179406898,
600149,1,1.0,0.01963746223564944,
002756,1,1.0,0.0194198623402162,
002427,1,1.0,0.015772870662460692,
002520,1,1.0,0.015748031496063186,
601872,1,1.0,0.014381099126861807,
603270,1,1.0,0.013630319148936199,
000060,1,1.0,0.01298701298701288,
002685,1,1.0,0.012893982808023008,
002272,2,0.5,0.01250363842579122,1.7303595856947465
600821,1,1.0,0.01242937853107362,
000759,1,1.0,0.012158054711246313,
603878,1,1.0,0.011299435028248483,
605366,1,1.0,0.009942004971002394,
600858,1,1.0,0.009776536312849249,
600589,1,1.0,0.009057971014492905,
603118,1,1.0,0.008869179600886845,
002876,1,1.0,0.007402639201802286,
002156,1,1.0,0.007032348804500765,
002270,1,1.0,0.005352798053527952,
000534,1,1.0,0.004815795810257484,
000703,1,1.0,0.004118616144975107,
600792,1,1.0,0.004008016032064132,
000017,1,1.0,0.0034482758620690834,
603728,1,1.0,0.0025340513145390986,
000700,1,1.0,0.0024829298572315306,
003033,1,1.0,0.001890359168242206,
600010,0,0.0,0.0,
600011,0,0.0,0.0,
600021,0,0.0,0.0,
600026,0,0.0,0.0,
600028,0,0.0,0.0,
600052,0,0.0,0.0,
600056,0,0.0,0.0,
600058,0,0.0,0.0,
600059,0,0.0,0.0,
600066,0,0.0,0.0,
600067,0,0.0,0.0,
600072,0,0.0,0.0,
600075,0,0.0,0.0,
600081,0,0.0,0.0,
600088,0,0.0,0.0,
600089,0,0.0,0.0,
600094,0,0.0,0.0,
600095,0,0.0,0.0,
600096,0,0.0,0.0,
600106,0,0.0,0.0,
600108,0,0.0,0.0,
600110,0,0.0,0.0,
600111,0,0.0,0.0,
600113,0,0.0,0.0,
600114,0,0.0,0.0,
600115,0,0.0,0.0,
600118,0,0.0,0.0,
600120,0,0.0,0.0,
600121,0,0.0,0.0,
600126,0,0.0,0.0,
600127,0,0.0,0.0,
600129,0,0.0,0.0,
600130,0,0.0,0.0,
600133,0,0.0,0.0,
600135,0,0.0,0.0,
600141,0,0.0,0.0,
600143,0,0.0,0.0,
600152,0,0.0,0.0,
600156,0,0.0,0.0,
600158,0,0.0,0.0,
600160,0,0.0,0.0,
600162,0,0.0,0.0,
600163,0,0.0,0.0,
600165,0,0.0,0.0,
600166,0,0.0,0.0,
600170,0,0.0,0.0,
600171,0,0.0,0.0,
600172,0,0.0,0.0,
600173,0,0.0,0.0,
600178,0,0.0,0.0,
600179,0,0.0,0.0,
600185,0,0.0,0.0,
600186,0,0.0,0.0,
600188,0,0.0,0.0,
600189,0,0.0,0.0,
600195,0,0.0,0.0,
600197,0,0.0,0.0,
600198,0,0.0,0.0,
600199,0,0.0,0.0,
600203,0,0.0,0.0,
600207,0,0.0,0.0,
600208,0,0.0,0.0,
600211,0,0.0,0.0,
600215,0,0.0,0.0,
600216,0,0.0,0.0,
600218,0,0.0,0.0,
600219,0,0.0,0.0,
600226,0,0.0,0.0,
600228,0,0.0,0.0,
600229,0,0.0,0.0,
600230,0,0.0,0.0,
600232,0,0.0,0.0,
600233,0,0.0,0.0,
600234,0,0.0,0.0,
600236,0,0.0,0.0,
600241,0,0.0,0.0,
600246,0,0.0,0.0,
600248,0,0.0,0.0,
600249,0,0.0,0.0,
600250,0,0.0,0.0,
600251,0,0.0,0.0,
600256,0,0.0,0.0,
600257,0,0.0,0.0,
600259,0,0.0,0.0,
600261,0,0.0,0.0,
600262,0,0.0,0.0,
600267,0,0.0,0.0,
600268,0,0.0,0.0,
600271,0,0.0,0.0,
600272,0,0.0,0.0,
600273,0,0.0,0.0,
600280,0,0.0,0.0,
600281,0,0.0,0.0,
600284,0,0.0,0.0,
600288,0,0.0,0.0,
600292,0,0.0,0.0,
600293,0,0.0,0.0,
600295,0,0.0,0.0,
600299,0,0.0,0.0,
600301,0,0.0,0.0,
600303,0,0.0,0.0,
600307,0,0.0,0.0,
600308,0,0.0,0.0,
600310,0,0.0,0.0,
600312,0,0.0,0.0,
600313,0,0.0,0.0,
600316,0,0.0,0.0,
600318,0,0.0,0.0,
600319,0,0.0,0.0,
600320,0,0.0,0.0,
600322,0,0.0,0.0,
600325,0,0.0,0.0,
600326,0,0.0,0.0,
600327,0,0.0,0.0,
600328,0,0.0,0.0,
600333,0,0.0,0.0,
600336,0,0.0,0.0,
600338,0,0.0,0.0,
600339,0,0.0,0.0,
600343,0,0.0,0.0,
600350,0,0.0,0.0,
600352,0,0.0,0.0,
600353,0,0.0,0.0,
600356,0,0.0,0.0,
600359,0,0.0,0.0,
600360,0,0.0,0.0,
600362,0,0.0,0.0,
600363,0,0.0,0.0,
600371,0,0.0,0.0,
600372,0,0.0,0.0,
600375,0,0.0,0.0,
600376,0,0.0,0.0,
600378,0,0.0,0.0,
600379,0,0.0,0.0,
600382,0,0.0,0.0,
600386,0,0.0,0.0,
600389,0,0.0,0.0,
600391,0,0.0,0.0,
600392,0,0.0,0.0,
600395,0,0.0,0.0,
600397,0,0.0,0.0,
600399,0,0.0,0.0,
600400,0,0.0,0.0,
600405,0,0.0,0.0,
600408,0,0.0,0.0,
600409,0,0.0,0.0,
600416,0,0.0,0.0,
600418,0,0.0,0.0,
600419,0,0.0,0.0,
600428,0,0.0,0.0,
600429,0,0.0,0.0,
600435,0,0.0,0.0,
600436,0,0.0,0.0,
600438,0,0.0,0.0,
600446,0,0.0,0.0,
600448,0,0.0,0.0,
600449,0,0.0,0.0,
600452,0,0.0,0.0,
600456,0,0.0,0.0,
600458,0,0.0,0.0,
600459,0,0.0,0.0,
600463,0,0.0,0.0,
600468,0,0.0,0.0,
600469,0,0.0,0.0,
600477,0,0.0,0.0,
600478,0,0.0,0.0,
600479,0,0.0,0.0,
600480,0,0.0,0.0,
600481,0,0.0,0.0,
600482,0,0.0,0.0,
600487,0,0.0,0.0,
600488,0,0.0,0.0,
600489,0,0.0,0.0,
600490,0,0.0,0.0,
600495,0,0.0,0.0,
600496,0,0.0,0.0,
600497,0,0.0,0.0,
600498,0,0.0,0.0,
600499,0,0.0,0.0,
600500,0,0.0,0.0,
600501,0,0.0,0.0,
600502,0,0.0,0.0,
600503,0,0.0,0.0,
600505,0,0.0,0.0,
600506,0,0.0,0.0,
600507,0,0.0,0.0,
600508,0,0.0,0.0,
600509,0,0.0,0.0,
600516,0,0.0,0.0,
600522,0,0.0,0.0,
600528,0,0.0,0.0,
600531,0,0.0,0.0,
600536,0,0.0,0.0,
600540,0,0.0,0.0,
600545,0,0.0,0.0,
600546,0,0.0,0.0,
600549,0,0.0,0.0,
600550,0,0.0,0.0,
600551,0,0.0,0.0,
600556,0,0.0,0.0,
600557,0,0.0,0.0,
600559,0,0.0,0.0,
600567,0,0.0,0.0,
600569,0,0.0,0.0,
600572,0,0.0,0.0,
600573,0,0.0,0.0,
600576,0,0.0,0.0,
600577,0,0.0,0.0,
600578,0,0.0,0.0,
600579,0,0.0,0.0,
600580,0,0.0,0.0,
600583,0,0.0,0.0,
600586,0,0.0,0.0,
600587,0,0.0,0.0,
600588,0,0.0,0.0,
600590,0,0.0,0.0,
600592,0,0.0,0.0,
600593,0,0.0,0.0,
600594,0,0.0,0.0,
600595,0,0.0,0.0,
600596,0,0.0,0.0,
600598,0,0.0,0.0,
600603,0,0.0,0.0,
600604,0,0.0,0.0,
600605,0,0.0,0.0,
600606,0,0.0,0.0,
600609,0,0.0,0.0,
600610,0,0.0,0.0,
600613,0,0.0,0.0,
600615,0,0.0,0.0,
600616,0,0.0,0.0,
600617,0,0.0,0.0,
600618,0,0.0,0.0,
600619,0,0.0,0.0,
600620,0,0.0,0.0,
600621,0,0.0,0.0,
600622,0,0.0,0.0,
600623,0,0.0,0.0,
600626,0,0.0,0.0,
600629,0,0.0,0.0,
600630,0,0.0,0.0,
600633,0,0.0,0.0,
600635,0,0.0,0.0,
600637,0,0.0,0.0,
600640,0,0.0,0.0,
600643,0,0.0,0.0,
600644,0,0.0,0.0,
600645,0,0.0,0.0,
600649,0,0.0,0.0,
600651,0,0.0,0.0,
600654,0,0.0,0.0,
600655,0,0.0,0.0,
600657,0,0.0,0.0,
600658,0,0.0,0.0,
600661,0,0.0,0.0,
600662,0,0.0,0.0,
600663,0,0.0,0.0,
600664,0,0.0,0.0,
600665,0,0.0,0.0,
600668,0,0.0,0.0,
600671,0,0.0,0.0,
600675,0,0.0,0.0,
600676,0,0.0,0.0,
600679,0,0.0,0.0,
600681,0,0.0,0.0,
600682,0,0.0,0.0,
600684,0,0.0,0.0,
600685,0,0.0,0.0,
600686,0,0.0,0.0,
600688,0,0.0,0.0,
600689,0,0.0,0.0,
600691,0,0.0,0.0,
600693,0,0.0,0.0,
600694,0,0.0,0.0,
600697,0,0.0,0.0,
600698,0,0.0,0.0,
600699,0,0.0,0.0,
600702,0,0.0,0.0,
600707,0,0.0,0.0,
600708,0,0.0,0.0,
600712,0,0.0,0.0,
600713,0,0.0,0.0,
600714,0,0.0,0.0,
600715,0,0.0,0.0,
600721,0,0.0,0.0,
600724,0,0.0,0.0,
600725,0,0.0,0.0,
600727,0,0.0,0.0,
600729,0,0.0,0.0,
600732,0,0.0,0.0,
600733,0,0.0,0.0,
600736,0,0.0,0.0,
600737,0,0.0,0.0,
600740,0,0.0,0.0,
600743,0,0.0,0.0,
600746,0,0.0,0.0,
600748,0,0.0,0.0,
600749,0,0.0,0.0,
600751,0,0.0,0.0,
600756,0,0.0,0.0,
600758,0,0.0,0.0,
600761,0,0.0,0.0,
600768,0,0.0,0.0,
600770,0,0.0,0.0,
600773,0,0.0,0.0,
600774,0,0.0,0.0,
600775,0,0.0,0.0,
600776,0,0.0,0.0,
600777,0,0.0,0.0,
600778,0,0.0,0.0,
600779,0,0.0,0.0,
600780,0,0.0,0.0,
600783,0,0.0,0.0,
600784,0,0.0,0.0,
600785,0,0.0,0.0,
600789,0,0.0,0.0,
600790,0,0.0,0.0,
600791,0,0.0,0.0,
600793,0,0.0,0.0,
600796,0,0.0,0.0,
600798,0,0.0,0.0,
600800,0,0.0,0.0,
600801,0,0.0,0.0,
600802,0,0.0,0.0,
600803,0,0.0,0.0,
600807,0,0.0,0.0,
600809,0,0.0,0.0,
600810,0,0.0,0.0,
600812,0,0.0,0.0,
600814,0,0.0,0.0,
600815,0,0.0,0.0,
600819,0,0.0,0.0,
600822,0,0.0,0.0,
600824,0,0.0,0.0,
600825,0,0.0,0.0,
600826,0,0.0,0.0,
600828,0,0.0,0.0,
600830,0,0.0,0.0,
600831,0,0.0,0.0,
600833,0,0.0,0.0,
600835,0,0.0,0.0,
600839,0,0.0,0.0,
600841,0,0.0,0.0,
600843,0,0.0,0.0,
600844,0,0.0,0.0,
600845,0,0.0,0.0,
600846,0,0.0,0.0,
600847,0,0.0,0.0,
600850,0,0.0,0.0,
600854,0,0.0,0.0,
600855,0,0.0,0.0,
600860,0,0.0,0.0,
600862,0,0.0,0.0,
600863,0,0.0,0.0,
600865,0,0.0,0.0,
600867,0,0.0,0.0,
600869,0,0.0,0.0,
600871,0,0.0,0.0,
600872,0,0.0,0.0,
600873,0,0.0,0.0,
600876,0,0.0,0.0,
600877,0,0.0,0.0,
600879,0,0.0,0.0,
600880,0,0.0,0.0,
600881,0,0.0,0.0,
600884,0,0.0,0.0,
600885,0,0.0,0.0,
600888,0,0.0,0.0,
600892,0,0.0,0.0,
600893,0,0.0,0.0,
600894,0,0.0,0.0,
600895,0,0.0,0.0,
600906,0,0.0,0.0,
600909,0,0.0,0.0,
600916,0,0.0,0.0,
600917,0,0.0,0.0,
600929,0,0.0,0.0,
600935,0,0.0,0.0,
600936,0,0.0,0.0,
600938,0,0.0,0.0,
600955,0,0.0,0.0,
600956,0,0.0,0.0,
600959,0,0.0,0.0,
600960,0,0.0,0.0,
600961,0,0.0,0.0,
600962,0,0.0,0.0,
600967,0,0.0,0.0,
600968,0,0.0,0.0,
600969,0,0.0,0.0,
600971,0,0.0,0.0,
600973,0,0.0,0.0,
600975,0,0.0,0.0,
600977,0,0.0,0.0,
600979,0,0.0,0.0,
600980,0,0.0,0.0,
600981,0,0.0,0.0,
600983,0,0.0,0.0,
600984,0,0.0,0.0,
600985,0,0.0,0.0,
600986,0,0.0,0.0,
600987,0,0.0,0.0,
600988,0,0.0,0.0,
600989,0,0.0,0.0,
600990,0,0.0,0.0,
600992,0,0.0,0.0,
600996,0,0.0,0.0,
600997,0,0.0,0.0,
601001,0,0.0,0.0,
601002,0,0.0,0.0,
601003,0,0.0,0.0,
601011,0,0.0,0.0,
601012,0,0.0,0.0,
601016,0,0.0,0.0,
601020,0,0.0,0.0,
601022,0,0.0,0.0,
601026,0,0.0,0.0,
601038,0,0.0,0.0,
601061,0,0.0,0.0,
601066,0,0.0,0.0,
601068,0,0.0,0.0,
601069,0,0.0,0.0,
601083,0,0.0,0.0,
601086,0,0.0,0.0,
601089,0,0.0,0.0,
601100,0,0.0,0.0,
601101,0,0.0,0.0,
601108,0,0.0,0.0,
601116,0,0.0,0.0,
601117,0,0.0,0.0,
601118,0,0.0,0.0,
601121,0,0.0,0.0,
601126,0,0.0,0.0,
601133,0,0.0,0.0,
601136,0,0.0,0.0,
601137,0,0.0,0.0,
601138,0,0.0,0.0,
601139,0,0.0,0.0,
601155,0,0.0,0.0,
601162,0,0.0,0.0,
601163,0,0.0,0.0,
601168,0,0.0,0.0,
601177,0,0.0,0.0,
601179,0,0.0,0.0,
601187,0,0.0,0.0,
601199,0,0.0,0.0,
601208,0,0.0,0.0,
601216,0,0.0,0.0,
601218,0,0.0,0.0,
601222,0,0.0,0.0,
601233,0,0.0,0.0,
601330,0,0.0,0.0,
601336,0,0.0,0.0,
601360,0,0.0,0.0,
601366,0,0.0,0.0,
601368,0,0.0,0.0,
601369,0,0.0,0.0,
601388,0,0.0,0.0,
601390,0,0.0,0.0,
601399,0,0.0,0.0,
601512,0,0.0,0.0,
601515,0,0.0,0.0,
601519,0,0.0,0.0,
601566,0,0.0,0.0,
601567,0,0.0,0.0,
601579,0,0.0,0.0,
601588,0,0.0,0.0,
601595,0,0.0,0.0,
601599,0,0.0,0.0,
601600,0,0.0,0.0,
601606,0,0.0,0.0,
601608,0,0.0,0.0,
601611,0,0.0,0.0,
601615,0,0.0,0.0,
601616,0,0.0,0.0,
601619,0,0.0,0.0,
601636,0,0.0,0.0,
601666,0,0.0,0.0,
601669,0,0.0,0.0,
601677,0,0.0,0.0,
601686,0,0.0,0.0,
601689,0,0.0,0.0,
601696,0,0.0,0.0,
601698,0,0.0,0.0,
601699,0,0.0,0.0,
601700,0,0.0,0.0,
601702,0,0.0,0.0,
601727,0,0.0,0.0,
601777,0,0.0,0.0,
601778,0,0.0,0.0,
601789,0,0.0,0.0,
601798,0,0.0,0.0,
601799,0,0.0,0.0,
601808,0,0.0,0.0,
601811,0,0.0,0.0,
601828,0,0.0,0.0,
601857,0,0.0,0.0,
601858,0,0.0,0.0,
601865,0,0.0,0.0,
601866,0,0.0,0.0,
601868,0,0.0,0.0,
601877,0,0.0,0.0,
601882,0,0.0,0.0,
601886,0,0.0,0.0,
601890,0,0.0,0.0,
601898,0,0.0,0.0,
601900,0,0.0,0.0,
601918,0,0.0,0.0,
601929,0,0.0,0.0,
601933,0,0.0,0.0,
601949,0,0.0,0.0,
601952,0,0.0,0.0,
601958,0,0.0,0.0,
601965,0,0.0,0.0,
601968,0,0.0,0.0,
601969,0,0.0,0.0,
601975,0,0.0,0.0,
601991,0,0.0,0.0,
601996,0,0.0,0.0,
601999,0,0.0,0.0,
603000,0,0.0,0.0,
603002,0,0.0,0.0,
603004,0,0.0,0.0,
603006,0,0.0,0.0,
603007,0,0.0,0.0,
603010,0,0.0,0.0,
603011,0,0.0,0.0,
603012,0,0.0,0.0,
603013,0,0.0,0.0,
603014,0,0.0,0.0,
603015,0,0.0,0.0,
603016,0,0.0,0.0,
603017,0,0.0,0.0,
603019,0,0.0,0.0,
603020,0,0.0,0.0,
603023,0,0.0,0.0,
603025,0,0.0,0.0,
603028,0,0.0,0.0,
603029,0,0.0,0.0,
603030,0,0.0,0.0,
603032,0,0.0,0.0,
603033,0,0.0,0.0,
603036,0,0.0,0.0,
603037,0,0.0,0.0,
603038,0,0.0,0.0,
603039,0,0.0,0.0,
603040,0,0.0,0.0,
603042,0,0.0,0.0,
603045,0,0.0,0.0,
603050,0,0.0,0.0,
603051,0,0.0,0.0,
603053,0,0.0,0.0,
603057,0,0.0,0.0,
603058,0,0.0,0.0,
603059,0,0.0,0.0,
603062,0,0.0,0.0,
603063,0,0.0,0.0,
603065,0,0.0,0.0,
603066,0,0.0,0.0,
603067,0,0.0,0.0,
603069,0,0.0,0.0,
603071,0,0.0,0.0,
603075,0,0.0,0.0,
603076,0,0.0,0.0,
603077,0,0.0,0.0,
603078,0,0.0,0.0,
603079,0,0.0,0.0,
603080,0,0.0,0.0,
603082,0,0.0,0.0,
603083,0,0.0,0.0,
603085,0,0.0,0.0,
603086,0,0.0,0.0,
603087,0,0.0,0.0,
603088,0,0.0,0.0,
603089,0,0.0,0.0,
603092,0,0.0,0.0,
603093,0,0.0,0.0,
603095,0,0.0,0.0,
603097,0,0.0,0.0,
603098,0,0.0,0.0,
603100,0,0.0,0.0,
603101,0,0.0,0.0,
603102,0,0.0,0.0,
603103,0,0.0,0.0,
603105,0,0.0,0.0,
603106,0,0.0,0.0,
603108,0,0.0,0.0,
603109,0,0.0,0.0,
603112,0,0.0,0.0,
603113,0,0.0,0.0,
603115,0,0.0,0.0,
603116,0,0.0,0.0,
603117,0,0.0,0.0,
603119,0,0.0,0.0,
603121,0,0.0,0.0,
603122,0,0.0,0.0,
603123,0,0.0,0.0,
603125,0,0.0,0.0,
603126,0,0.0,0.0,
603127,0,0.0,0.0,
603131,0,0.0,0.0,
603132,0,0.0,0.0,
603135,0,0.0,0.0,
603136,0,0.0,0.0,
603138,0,0.0,0.0,
603150,0,0.0,0.0,
603151,0,0.0,0.0,
603155,0,0.0,0.0,
603156,0,0.0,0.0,
603160,0,0.0,0.0,
603161,0,0.0,0.0,
603162,0,0.0,0.0,
603165,0,0.0,0.0,
603166,0,0.0,0.0,
603168,0,0.0,0.0,
603169,0,0.0,0.0,
603172,0,0.0,0.0,
603173,0,0.0,0.0,
603177,0,0.0,0.0,
603178,0,0.0,0.0,
603179,0,0.0,0.0,
603180,0,0.0,0.0,
603183,0,0.0,0.0,
603185,0,0.0,0.0,
603186,0,0.0,0.0,
603188,0,0.0,0.0,
603190,0,0.0,0.0,
603191,0,0.0,0.0,
603193,0,0.0,0.0,
603196,0,0.0,0.0,
603197,0,0.0,0.0,
603198,0,0.0,0.0,
603199,0,0.0,0.0,
603201,0,0.0,0.0,
603203,0,0.0,0.0,
603206,0,0.0,0.0,
603207,0,0.0,0.0,
603210,0,0.0,0.0,
603211,0,0.0,0.0,
603212,0,0.0,0.0,
603215,0,0.0,0.0,
603217,0,0.0,0.0,
603220,0,0.0,0.0,
603221,0,0.0,0.0,
603222,0,0.0,0.0,
603223,0,0.0,0.0,
603225,0,0.0,0.0,
603226,0,0.0,0.0,
603228,0,0.0,0.0,
603230,0,0.0,0.0,
603232,0,0.0,0.0,
603237,0,0.0,0.0,
603239,0,0.0,0.0,
603248,0,0.0,0.0,
603256,0,0.0,0.0,
603257,0,0.0,0.0,
603258,0,0.0,0.0,
603259,0,0.0,0.0,
603260,0,0.0,0.0,
603261,0,0.0,0.0,
603266,0,0.0,0.0,
603268,0,0.0,0.0,
603271,0,0.0,0.0,
603273,0,0.0,0.0,
603275,0,0.0,0.0,
603276,0,0.0,0.0,
603277,0,0.0,0.0,
603278,0,0.0,0.0,
603279,0,0.0,0.0,
603280,0,0.0,0.0,
603281,0,0.0,0.0,
603282,0,0.0,0.0,
603283,0,0.0,0.0,
603284,0,0.0,0.0,
603285,0,0.0,0.0,
603289,0,0.0,0.0,
603290,0,0.0,0.0,
603293,0,0.0,0.0,
603296,0,0.0,0.0,
603297,0,0.0,0.0,
603301,0,0.0,0.0,
603305,0,0.0,0.0,
603306,0,0.0,0.0,
603308,0,0.0,0.0,
603310,0,0.0,0.0,
603311,0,0.0,0.0,
603313,0,0.0,0.0,
603315,0,0.0,0.0,
603316,0,0.0,0.0,
603317,0,0.0,0.0,
603319,0,0.0,0.0,
603320,0,0.0,0.0,
603322,0,0.0,0.0,
603324,0,0.0,0.0,
603325,0,0.0,0.0,
603327,0,0.0,0.0,
603328,0,0.0,0.0,
603329,0,0.0,0.0,
603330,0,0.0,0.0,
603331,0,0.0,0.0,
603332,0,0.0,0.0,
603333,0,0.0,0.0,
603334,0,0.0,0.0,
603336,0,0.0,0.0,
603338,0,0.0,0.0,
603339,0,0.0,0.0,
603341,0,0.0,0.0,
603344,0,0.0,0.0,
603345,0,0.0,0.0,
603348,0,0.0,0.0,
603350,0,0.0,0.0,
603351,0,0.0,0.0,
603352,0,0.0,0.0,
603355,0,0.0,0.0,
603356,0,0.0,0.0,
603360,0,0.0,0.0,
603363,0,0.0,0.0,
603365,0,0.0,0.0,
603366,0,0.0,0.0,
603367,0,0.0,0.0,
603369,0,0.0,0.0,
603370,0,0.0,0.0,
603373,0,0.0,0.0,
603376,0,0.0,0.0,
603380,0,0.0,0.0,
603381,0,0.0,0.0,
603382,0,0.0,0.0,
603383,0,0.0,0.0,
603386,0,0.0,0.0,
603387,0,0.0,0.0,
603389,0,0.0,0.0,
603390,0,0.0,0.0,
603391,0,0.0,0.0,
603392,0,0.0,0.0,
603393,0,0.0,0.0,
603395,0,0.0,0.0,
603396,0,0.0,0.0,
603399,0,0.0,0.0,
603406,0,0.0,0.0,
603416,0,0.0,0.0,
603418,0,0.0,0.0,
603421,0,0.0,0.0,
603439,0,0.0,0.0,
603444,0,0.0,0.0,
603459,0,0.0,0.0,
603477,0,0.0,0.0,
603486,0,0.0,0.0,
603488,0,0.0,0.0,
603489,0,0.0,0.0,
603496,0,0.0,0.0,
603499,0,0.0,0.0,
603500,0,0.0,0.0,
603501,0,0.0,0.0,
603505,0,0.0,0.0,
603506,0,0.0,0.0,
603507,0,0.0,0.0,
603508,0,0.0,0.0,
603516,0,0.0,0.0,
603519,0,0.0,0.0,
603520,0,0.0,0.0,
603528,0,0.0,0.0,
603529,0,0.0,0.0,
603530,0,0.0,0.0,
603533,0,0.0,0.0,
603535,0,0.0,0.0,
603538,0,0.0,0.0,
603556,0,0.0,0.0,
603558,0,0.0,0.0,
603559,0,0.0,0.0,
603565,0,0.0,0.0,
603567,0,0.0,0.0,
603577,0,0.0,0.0,
603578,0,0.0,0.0,
603579,0,0.0,0.0,
603580,0,0.0,0.0,
603585,0,0.0,0.0,
603588,0,0.0,0.0,
603589,0,0.0,0.0,
603590,0,0.0,0.0,
603596,0,0.0,0.0,
603598,0,0.0,0.0,
603599,0,0.0,0.0,
603602,0,0.0,0.0,
603606,0,0.0,0.0,
603607,0,0.0,0.0,
603608,0,0.0,0.0,
603610,0,0.0,0.0,
603612,0,0.0,0.0,
603615,0,0.0,0.0,
603616,0,0.0,0.0,
603617,0,0.0,0.0,
603619,0,0.0,0.0,
603626,0,0.0,0.0,
603628,0,0.0,0.0,
603630,0,0.0,0.0,
603633,0,0.0,0.0,
603636,0,0.0,0.0,
603638,0,0.0,0.0,
603650,0,0.0,0.0,
603656,0,0.0,0.0,
603659,0,0.0,0.0,
603660,0,0.0,0.0,
603661,0,0.0,0.0,
603662,0,0.0,0.0,
603665,0,0.0,0.0,
603666,0,0.0,0.0,
603668,0,0.0,0.0,
603669,0,0.0,0.0,
603677,0,0.0,0.0,
603678,0,0.0,0.0,
603679,0,0.0,0.0,
603680,0,0.0,0.0,
603681,0,0.0,0.0,
603682,0,0.0,0.0,
603686,0,0.0,0.0,
603688,0,0.0,0.0,
603689,0,0.0,0.0,
603690,0,0.0,0.0,
603693,0,0.0,0.0,
603697,0,0.0,0.0,
603698,0,0.0,0.0,
603699,0,0.0,0.0,
603701,0,0.0,0.0,
603703,0,0.0,0.0,
603706,0,0.0,0.0,
603708,0,0.0,0.0,
603709,0,0.0,0.0,
603711,0,0.0,0.0,
603713,0,0.0,0.0,
603716,0,0.0,0.0,
603717,0,0.0,0.0,
603719,0,0.0,0.0,
603721,0,0.0,0.0,
603722,0,0.0,0.0,
603725,0,0.0,0.0,
603726,0,0.0,0.0,
603727,0,0.0,0.0,
603730,0,0.0,0.0,
603733,0,0.0,0.0,
603737,0,0.0,0.0,
603738,0,0.0,0.0,
603739,0,0.0,0.0,
603759,0,0.0,0.0,
603767,0,0.0,0.0,
603777,0,0.0,0.0,
603778,0,0.0,0.0,
603779,0,0.0,0.0,
603787,0,0.0,0.0,
603788,0,0.0,0.0,
603790,0,0.0,0.0,
603797,0,0.0,0.0,
603798,0,0.0,0.0,
603801,0,0.0,0.0,
603808,0,0.0,0.0,
603813,0,0.0,0.0,
603815,0,0.0,0.0,
603818,0,0.0,0.0,
603819,0,0.0,0.0,
603826,0,0.0,0.0,
603829,0,0.0,0.0,
603833,0,0.0,0.0,
603839,0,0.0,0.0,
603848,0,0.0,0.0,
603859,0,0.0,0.0,
603861,0,0.0,0.0,
603867,0,0.0,0.0,
603871,0,0.0,0.0,
603876,0,0.0,0.0,
603877,0,0.0,0.0,
603880,0,0.0,0.0,
603882,0,0.0,0.0,
603883,0,0.0,0.0,
603886,0,0.0,0.0,
603887,0,0.0,0.0,
603888,0,0.0,0.0,
603889,0,0.0,0.0,
603890,0,0.0,0.0,
603893,0,0.0,0.0,
603895,0,0.0,0.0,
603898,0,0.0,0.0,
603900,0,0.0,0.0,
603903,0,0.0,0.0,
603906,0,0.0,0.0,
603912,0,0.0,0.0,
603915,0,0.0,0.0,
603916,0,0.0,0.0,
603917,0,0.0,0.0,
603918,0,0.0,0.0,
603919,0,0.0,0.0,
603920,0,0.0,0.0,
603926,0,0.0,0.0,
603928,0,0.0,0.0,
603931,0,0.0,0.0,
603933,0,0.0,0.0,
603936,0,0.0,0.0,
603939,0,0.0,0.0,
603948,0,0.0,0.0,
603949,0,0.0,0.0,
603950,0,0.0,0.0,
603955,0,0.0,0.0,
603956,0,0.0,0.0,
603960,0,0.0,0.0,
603966,0,0.0,0.0,
603967,0,0.0,0.0,
603968,0,0.0,0.0,
603969,0,0.0,0.0,
603976,0,0.0,0.0,
603977,0,0.0,0.0,
603978,0,0.0,0.0,
603979,0,0.0,0.0,
603980,0,0.0,0.0,
603983,0,0.0,0.0,
603985,0,0.0,0.0,
603986,0,0.0,0.0,
603988,0,0.0,0.0,
603989,0,0.0,0.0,
603990,0,0.0,0.0,
603991,0,0.0,0.0,
603992,0,0.0,0.0,
603993,0,0.0,0.0,
603995,0,0.0,0.0,
603997,0,0.0,0.0,
603998,0,0.0,0.0,
603999,0,0.0,0.0,
605003,0,0.0,0.0,
605007,0,0.0,0.0,
605011,0,0.0,0.0,
605016,0,0.0,0.0,
605018,0,0.0,0.0,
605020,0,0.0,0.0,
605028,0,0.0,0.0,
605033,0,0.0,0.0,
605050,0,0.0,0.0,
605055,0,0.0,0.0,
605058,0,0.0,0.0,
605060,0,0.0,0.0,
605066,0,0.0,0.0,
605068,0,0.0,0.0,
605069,0,0.0,0.0,
605077,0,0.0,0.0,
605080,0,0.0,0.0,
605086,0,0.0,0.0,
605088,0,0.0,0.0,
605090,0,0.0,0.0,
605098,0,0.0,0.0,
605100,0,0.0,0.0,
605108,0,0.0,0.0,
605116,0,0.0,0.0,
605117,0,0.0,0.0,
605118,0,0.0,0.0,
605123,0,0.0,0.0,
605128,0,0.0,0.0,
605133,0,0.0,0.0,
605136,0,0.0,0.0,
605138,0,0.0,0.0,
605151,0,0.0,0.0,
605155,0,0.0,0.0,
605158,0,0.0,0.0,
605162,0,0.0,0.0,
605166,0,0.0,0.0,
605167,0,0.0,0.0,
605169,0,0.0,0.0,
605177,0,0.0,0.0,
605178,0,0.0,0.0,
605179,0,0.0,0.0,
605180,0,0.0,0.0,
605186,0,0.0,0.0,
605189,0,0.0,0.0,
605208,0,0.0,0.0,
605218,0,0.0,0.0,
605222,0,0.0,0.0,
605228,0,0.0,0.0,
605258,0,0.0,0.0,
605268,0,0.0,0.0,
605277,0,0.0,0.0,
605286,0,0.0,0.0,
605287,0,0.0,0.0,
605296,0,0.0,0.0,
605298,0,0.0,0.0,
605300,0,0.0,0.0,
605303,0,0.0,0.0,
605305,0,0.0,0.0,
605319,0,0.0,0.0,
605333,0,0.0,0.0,
605337,0,0.0,0.0,
605339,0,0.0,0.0,
605358,0,0.0,0.0,
605365,0,0.0,0.0,
605368,0,0.0,0.0,
605369,0,0.0,0.0,
605377,0,0.0,0.0,
605378,0,0.0,0.0,
605388,0,0.0,0.0,
605389,0,0.0,0.0,
605398,0,0.0,0.0,
605399,0,0.0,0.0,
605499,0,0.0,0.0,
605500,0,0.0,0.0,
605507,0,0.0,0.0,
605566,0,0.0,0.0,
605577,0,0.0,0.0,
605580,0,0.0,0.0,
605588,0,0.0,0.0,
605589,0,0.0,0.0,
605598,0,0.0,0.0,
605599,0,0.0,0.0,
000002,0,0.0,0.0,
000006,0,0.0,0.0,
000007,0,0.0,0.0,
000008,0,0.0,0.0,
000009,0,0.0,0.0,
000011,0,0.0,0.0,
000012,0,0.0,0.0,
000014,0,0.0,0.0,
000019,0,0.0,0.0,
000020,0,0.0,0.0,
000025,0,0.0,0.0,
000026,0,0.0,0.0,
000029,0,0.0,0.0,
000030,0,0.0,0.0,
000031,0,0.0,0.0,
000032,0,0.0,0.0,
000034,0,0.0,0.0,
000037,0,0.0,0.0,
000039,0,0.0,0.0,
000042,0,0.0,0.0,
000045,0,0.0,0.0,
000048,0,0.0,0.0,
000050,0,0.0,0.0,
000055,0,0.0,0.0,
000059,0,0.0,0.0,
000062,0,0.0,0.0,
000063,0,0.0,0.0,
000065,0,0.0,0.0,
000066,0,0.0,0.0,
000068,0,0.0,0.0,
000090,0,0.0,0.0,
000096,0,0.0,0.0,
000099,0,0.0,0.0,
000100,0,0.0,0.0,
000151,0,0.0,0.0,
000153,0,0.0,0.0,
000155,0,0.0,0.0,
000156,0,0.0,0.0,
000159,0,0.0,0.0,
000301,0,0.0,0.0,
000338,0,0.0,0.0,
000400,0,0.0,0.0,
000402,0,0.0,0.0,
000403,0,0.0,0.0,
000404,0,0.0,0.0,
000407,0,0.0,0.0,
000409,0,0.0,0.0,
000410,0,0.0,0.0,
000411,0,0.0,0.0,
000417,0,0.0,0.0,
000420,0,0.0,0.0,
000421,0,0.0,0.0,
000422,0,0.0,0.0,
000425,0,0.0,0.0,
000428,0,0.0,0.0,
000503,0,0.0,0.0,
000504,0,0.0,0.0,
000505,0,0.0,0.0,
000506,0,0.0,0.0,
000509,0,0.0,0.0,
000516,0,0.0,0.0,
000517,0,0.0,0.0,
000518,0,0.0,0.0,
000519,0,0.0,0.0,
000520,0,0.0,0.0,
000521,0,0.0,0.0,
000523,0,0.0,0.0,
000524,0,0.0,0.0,
000525,0,0.0,0.0,
000526,0,0.0,0.0,
000530,0,0.0,0.0,
000532,0,0.0,0.0,
000537,0,0.0,0.0,
000539,0,0.0,0.0,
000541,0,0.0,0.0,
000545,0,0.0,0.0,
000546,0,0.0,0.0,
000551,0,0.0,0.0,
000553,0,0.0,0.0,
000554,0,0.0,0.0,
000558,0,0.0,0.0,
000559,0,0.0,0.0,
000560,0,0.0,0.0,
000561,0,0.0,0.0,
000564,0,0.0,0.0,
000565,0,0.0,0.0,
000567,0,0.0,0.0,
000568,0,0.0,0.0,
000570,0,0.0,0.0,
000571,0,0.0,0.0,
000572,0,0.0,0.0,
000573,0,0.0,0.0,
000576,0,0.0,0.0,
000581,0,0.0,0.0,
000582,0,0.0,0.0,
000586,0,0.0,0.0,
000590,0,0.0,0.0,
000591,0,0.0,0.0,
000592,0,0.0,0.0,
000595,0,0.0,0.0,
000596,0,0.0,0.0,
000597,0,0.0,0.0,
000599,0,0.0,0.0,
000600,0,0.0,0.0,
000601,0,0.0,0.0,
000607,0,0.0,0.0,
000612,0,0.0,0.0,
000617,0,0.0,0.0,
000620,0,0.0,0.0,
000626,0,0.0,0.0,
000629,0,0.0,0.0,
000635,0,0.0,0.0,
000636,0,0.0,0.0,
000637,0,0.0,0.0,
000652,0,0.0,0.0,
000656,0,0.0,0.0,
000657,0,0.0,0.0,
000659,0,0.0,0.0,
000661,0,0.0,0.0,
000665,0,0.0,0.0,
000668,0,0.0,0.0,
000672,0,0.0,0.0,
000676,0,0.0,0.0,
000678,0,0.0,0.0,
000679,0,0.0,0.0,
000681,0,0.0,0.0,
000682,0,0.0,0.0,
000685,0,0.0,0.0,
000688,0,0.0,0.0,
000690,0,0.0,0.0,
000691,0,0.0,0.0,
000697,0,0.0,0.0,
000702,0,0.0,0.0,
000710,0,0.0,0.0,
000711,0,0.0,0.0,
000712,0,0.0,0.0,
000713,0,0.0,0.0,
000715,0,0.0,0.0,
000716,0,0.0,0.0,
000718,0,0.0,0.0,
000721,0,0.0,0.0,
000722,0,0.0,0.0,
000723,0,0.0,0.0,
000725,0,0.0,0.0,
000727,0,0.0,0.0,
000731,0,0.0,0.0,
000735,0,0.0,0.0,
000736,0,0.0,0.0,
000737,0,0.0,0.0,
000738,0,0.0,0.0,
000739,0,0.0,0.0,
000751,0,0.0,0.0,
000753,0,0.0,0.0,
000756,0,0.0,0.0,
000757,0,0.0,0.0,
000758,0,0.0,0.0,
000762,0,0.0,0.0,
000766,0,0.0,0.0,
000767,0,0.0,0.0,
000768,0,0.0,0.0,
000776,0,0.0,0.0,
000777,0,0.0,0.0,
000779,0,0.0,0.0,
000782,0,0.0,0.0,
000783,0,0.0,0.0,
000785,0,0.0,0.0,
000788,0,0.0,0.0,
000790,0,0.0,0.0,
000792,0,0.0,0.0,
000796,0,0.0,0.0,
000798,0,0.0,0.0,
000799,0,0.0,0.0,
000801,0,0.0,0.0,
000802,0,0.0,0.0,
000803,0,0.0,0.0,
000807,0,0.0,0.0,
000809,0,0.0,0.0,
000810,0,0.0,0.0,
000812,0,0.0,0.0,
000813,0,0.0,0.0,
000816,0,0.0,0.0,
000819,0,0.0,0.0,
000820,0,0.0,0.0,
000822,0,0.0,0.0,
000823,0,0.0,0.0,
000830,0,0.0,0.0,
000831,0,0.0,0.0,
000839,0,0.0,0.0,
000852,0,0.0,0.0,
000856,0,0.0,0.0,
000858,0,0.0,0.0,
000859,0,0.0,0.0,
000860,0,0.0,0.0,
000862,0,0.0,0.0,
000863,0,0.0,0.0,
000868,0,0.0,0.0,
000875,0,0.0,0.0,
000876,0,0.0,0.0,
000878,0,0.0,0.0,
000880,0,0.0,0.0,
000881,0,0.0,0.0,
000882,0,0.0,0.0,
000887,0,0.0,0.0,
000889,0,0.0,0.0,
000890,0,0.0,0.0,
000892,0,0.0,0.0,
000899,0,0.0,0.0,
000901,0,0.0,0.0,
000906,0,0.0,0.0,
000908,0,0.0,0.0,
000910,0,0.0,0.0,
000912,0,0.0,0.0,
000913,0,0.0,0.0,
000917,0,0.0,0.0,
000919,0,0.0,0.0,
000920,0,0.0,0.0,
000921,0,0.0,0.0,
000922,0,0.0,0.0,
000925,0,0.0,0.0,
000926,0,0.0,0.0,
000927,0,0.0,0.0,
000928,0,0.0,0.0,
000930,0,0.0,0.0,
000931,0,0.0,0.0,
000933,0,0.0,0.0,
000935,0,0.0,0.0,
000936,0,0.0,0.0,
000938,0,0.0,0.0,
000948,0,0.0,0.0,
000949,0,0.0,0.0,
000950,0,0.0,0.0,
000951,0,0.0,0.0,
000952,0,0.0,0.0,
000955,0,0.0,0.0,
000959,0,0.0,0.0,
000960,0,0.0,0.0,
000965,0,0.0,0.0,
000966,0,0.0,0.0,
000967,0,0.0,0.0,
000969,0,0.0,0.0,
000970,0,0.0,0.0,
000972,0,0.0,0.0,
000975,0,0.0,0.0,
000977,0,0.0,0.0,
000978,0,0.0,0.0,
000980,0,0.0,0.0,
000981,0,0.0,0.0,
000983,0,0.0,0.0,
000987,0,0.0,0.0,
000988,0,0.0,0.0,
000989,0,0.0,0.0,
000990,0,0.0,0.0,
000993,0,0.0,0.0,
000995,0,0.0,0.0,
000997,0,0.0,0.0,
000998,0,0.0,0.0,
001201,0,0.0,0.0,
001202,0,0.0,0.0,
001203,0,0.0,0.0,
001206,0,0.0,0.0,
001207,0,0.0,0.0,
001208,0,0.0,0.0,
001210,0,0.0,0.0,
001211,0,0.0,0.0,
001212,0,0.0,0.0,
001215,0,0.0,0.0,
001216,0,0.0,0.0,
001217,0,0.0,0.0,
001218,0,0.0,0.0,
001221,0,0.0,0.0,
001222,0,0.0,0.0,
001225,0,0.0,0.0,
001228,0,0.0,0.0,
001230,0,0.0,0.0,
001231,0,0.0,0.0,
001233,0,0.0,0.0,
001234,0,0.0,0.0,
001238,0,0.0,0.0,
001239,0,0.0,0.0,
001255,0,0.0,0.0,
001256,0,0.0,0.0,
001257,0,0.0,0.0,
001259,0,0.0,0.0,
001260,0,0.0,0.0,
001266,0,0.0,0.0,
001267,0,0.0,0.0,
001269,0,0.0,0.0,
001270,0,0.0,0.0,
001277,0,0.0,0.0,
001278,0,0.0,0.0,
001279,0,0.0,0.0,
001282,0,0.0,0.0,
001283,0,0.0,0.0,
001287,0,0.0,0.0,
001288,0,0.0,0.0,
001296,0,0.0,0.0,
001298,0,0.0,0.0,
001299,0,0.0,0.0,
001300,0,0.0,0.0,
001301,0,0.0,0.0,
001306,0,0.0,0.0,
001311,0,0.0,0.0,
001313,0,0.0,0.0,
001314,0,0.0,0.0,
001316,0,0.0,0.0,
001317,0,0.0,0.0,
001318,0,0.0,0.0,
001319,0,0.0,0.0,
001322,0,0.0,0.0,
001323,0,0.0,0.0,
001326,0,0.0,0.0,
001328,0,0.0,0.0,
001330,0,0.0,0.0,
001331,0,0.0,0.0,
001332,0,0.0,0.0,
001333,0,0.0,0.0,
001336,0,0.0,0.0,
001338,0,0.0,0.0,
001339,0,0.0,0.0,
001356,0,0.0,0.0,
001358,0,0.0,0.0,
001359,0,0.0,0.0,
001366,0,0.0,0.0,
001367,0,0.0,0.0,
001368,0,0.0,0.0,
001369,0,0.0,0.0,
001373,0,0.0,0.0,
001378,0,0.0,0.0,
001379,0,0.0,0.0,
001382,0,0.0,0.0,
001386,0,0.0,0.0,
001387,0,0.0,0.0,
001388,0,0.0,0.0,
001395,0,0.0,0.0,
001396,0,0.0,0.0,
001696,0,0.0,0.0,
001896,0,0.0,0.0,
002004,0,0.0,0.0,
002005,0,0.0,0.0,
002009,0,0.0,0.0,
002011,0,0.0,0.0,
002012,0,0.0,0.0,
002014,0,0.0,0.0,
002015,0,0.0,0.0,
002017,0,0.0,0.0,
002020,0,0.0,0.0,
002021,0,0.0,0.0,
002022,0,0.0,0.0,
002023,0,0.0,0.0,
002025,0,0.0,0.0,
002028,0,0.0,0.0,
002029,0,0.0,0.0,
002030,0,0.0,0.0,
002031,0,0.0,0.0,
002033,0,0.0,0.0,
002034,0,0.0,0.0,
002037,0,0.0,0.0,
002038,0,0.0,0.0,
002039,0,0.0,0.0,
002040,0,0.0,0.0,
002041,0,0.0,0.0,
002044,0,0.0,0.0,
002045,0,0.0,0.0,
002047,0,0.0,0.0,
002048,0,0.0,0.0,
002049,0,0.0,0.0,
002051,0,0.0,0.0,
002052,0,0.0,0.0,
002053,0,0.0,0.0,
002054,0,0.0,0.0,
002056,0,0.0,0.0,
002057,0,0.0,0.0,
002058,0,0.0,0.0,
002059,0,0.0,0.0,
002062,0,0.0,0.0,
002063,0,0.0,0.0,
002066,0,0.0,0.0,
002067,0,0.0,0.0,
002068,0,0.0,0.0,
002072,0,0.0,0.0,
002074,0,0.0,0.0,
002075,0,0.0,0.0,
002077,0,0.0,0.0,
002079,0,0.0,0.0,
002080,0,0.0,0.0,
002081,0,0.0,0.0,
002084,0,0.0,0.0,
002085,0,0.0,0.0,
002086,0,0.0,0.0,
002088,0,0.0,0.0,
002090,0,0.0,0.0,
002091,0,0.0,0.0,
002092,0,0.0,0.0,
002093,0,0.0,0.0,
002094,0,0.0,0.0,
002095,0,0.0,0.0,
002098,0,0.0,0.0,
002099,0,0.0,0.0,
002103,0,0.0,0.0,
002104,0,0.0,0.0,
002106,0,0.0,0.0,
002107,0,0.0,0.0,
002108,0,0.0,0.0,
002111,0,0.0,0.0,
002112,0,0.0,0.0,
002114,0,0.0,0.0,
002119,0,0.0,0.0,
002120,0,0.0,0.0,
002121,0,0.0,0.0,
002123,0,0.0,0.0,
002124,0,0.0,0.0,
002125,0,0.0,0.0,
002126,0,0.0,0.0,
002127,0,0.0,0.0,
002128,0,0.0,0.0,
002129,0,0.0,0.0,
002130,0,0.0,0.0,
002131,0,0.0,0.0,
002132,0,0.0,0.0,
002133,0,0.0,0.0,
002134,0,0.0,0.0,
002136,0,0.0,0.0,
002137,0,0.0,0.0,
002144,0,0.0,0.0,
002146,0,0.0,0.0,
002148,0,0.0,0.0,
002149,0,0.0,0.0,
002150,0,0.0,0.0,
002151,0,0.0,0.0,
002152,0,0.0,0.0,
002153,0,0.0,0.0,
002154,0,0.0,0.0,
002155,0,0.0,0.0,
002157,0,0.0,0.0,
002158,0,0.0,0.0,
002159,0,0.0,0.0,
002160,0,0.0,0.0,
002161,0,0.0,0.0,
002162,0,0.0,0.0,
002163,0,0.0,0.0,
002164,0,0.0,0.0,
002169,0,0.0,0.0,
002171,0,0.0,0.0,
002172,0,0.0,0.0,
002173,0,0.0,0.0,
002176,0,0.0,0.0,
002177,0,0.0,0.0,
002178,0,0.0,0.0,
002179,0,0.0,0.0,
002180,0,0.0,0.0,
002182,0,0.0,0.0,
002183,0,0.0,0.0,
002184,0,0.0,0.0,
002185,0,0.0,0.0,
002187,0,0.0,0.0,
002188,0,0.0,0.0,
002189,0,0.0,0.0,
002190,0,0.0,0.0,
002192,0,0.0,0.0,
002196,0,0.0,0.0,
002197,0,0.0,0.0,
002199,0,0.0,0.0,
002200,0,0.0,0.0,
002201,0,0.0,0.0,
002202,0,0.0,0.0,
002204,0,0.0,0.0,
002208,0,0.0,0.0,
002209,0,0.0,0.0,
002212,0,0.0,0.0,
002213,0,0.0,0.0,
002214,0,0.0,0.0,
002215,0,0.0,0.0,
002216,0,0.0,0.0,
002218,0,0.0,0.0,
002219,0,0.0,0.0,
002222,0,0.0,0.0,
002225,0,0.0,0.0,
002226,0,0.0,0.0,
002229,0,0.0,0.0,
002232,0,0.0,0.0,
002237,0,0.0,0.0,
002238,0,0.0,0.0,
002240,0,0.0,0.0,
002242,0,0.0,0.0,
002243,0,0.0,0.0,
002244,0,0.0,0.0,
002246,0,0.0,0.0,
002248,0,0.0,0.0,
002249,0,0.0,0.0,
002250,0,0.0,0.0,
002251,0,0.0,0.0,
002253,0,0.0,0.0,
002254,0,0.0,0.0,
002255,0,0.0,0.0,
002256,0,0.0,0.0,
002258,1,0.0,0.0,
002259,0,0.0,0.0,
002261,0,0.0,0.0,
002263,0,0.0,0.0,
002264,0,0.0,0.0,
002265,0,0.0,0.0,
002266,0,0.0,0.0,
002267,0,0.0,0.0,
002268,0,0.0,0.0,
002269,0,0.0,0.0,
002273,0,0.0,0.0,
002274,0,0.0,0.0,
002277,0,0.0,0.0,
002278,0,0.0,0.0,
002279,0,0.0,0.0,
002283,0,0.0,0.0,
002284,0,0.0,0.0,
002285,0,0.0,0.0,
002286,0,0.0,0.0,
002289,0,0.0,0.0,
002290,0,0.0,0.0,
002291,0,0.0,0.0,
002292,0,0.0,0.0,
002294,0,0.0,0.0,
002295,0,0.0,0.0,
002296,0,0.0,0.0,
002297,0,0.0,0.0,
002298,0,0.0,0.0,
002300,0,0.0,0.0,
002301,0,0.0,0.0,
002302,0,0.0,0.0,
002304,0,0.0,0.0,
002309,0,0.0,0.0,
002310,1,0.0,0.0,
002312,0,0.0,0.0,
002313,0,0.0,0.0,
002314,0,0.0,0.0,
002317,0,0.0,0.0,
002319,0,0.0,0.0,
002321,0,0.0,0.0,
002322,0,0.0,0.0,
002324,0,0.0,0.0,
002326,0,0.0,0.0,
002328,0,0.0,0.0,
002329,0,0.0,0.0,
002331,0,0.0,0.0,
002333,0,0.0,0.0,
002334,0,0.0,0.0,
002335,0,0.0,0.0,
002338,0,0.0,0.0,
002339,0,0.0,0.0,
002340,0,0.0,0.0,
002342,0,0.0,0.0,
002343,0,0.0,0.0,
002348,0,0.0,0.0,
002349,0,0.0,0.0,
002354,0,0.0,0.0,
002355,0,0.0,0.0,
002356,0,0.0,0.0,
002357,0,0.0,0.0,
002358,0,0.0,0.0,
002361,0,0.0,0.0,
002362,0,0.0,0.0,
002363,0,0.0,0.0,
002365,0,0.0,0.0,
002366,0,0.0,0.0,
002367,0,0.0,0.0,
002369,0,0.0,0.0,
002370,0,0.0,0.0,
002374,0,0.0,0.0,
002375,0,0.0,0.0,
002376,0,0.0,0.0,
002377,0,0.0,0.0,
002378,0,0.0,0.0,
002379,0,0.0,0.0,
002380,0,0.0,0.0,
002382,0,0.0,0.0,
002383,0,0.0,0.0,
002385,0,0.0,0.0,
002386,0,0.0,0.0,
002387,0,0.0,0.0,
002389,0,0.0,0.0,
002392,0,0.0,0.0,
002394,0,0.0,0.0,
002395,0,0.0,0.0,
002396,0,0.0,0.0,
002397,0,0.0,0.0,
002399,0,0.0,0.0,
002400,0,0.0,0.0,
002402,0,0.0,0.0,
002403,0,0.0,0.0,
002404,0,0.0,0.0,
002405,0,0.0,0.0,
002406,0,0.0,0.0,
002407,0,0.0,0.0,
002408,0,0.0,0.0,
002412,0,0.0,0.0,
002413,0,0.0,0.0,
002414,0,0.0,0.0,
002420,0,0.0,0.0,
002421,0,0.0,0.0,
002422,0,0.0,0.0,
002423,0,0.0,0.0,
002425,0,0.0,0.0,
002430,0,0.0,0.0,
002434,0,0.0,0.0,
002436,0,0.0,0.0,
002437,0,0.0,0.0,
002438,0,0.0,0.0,
002439,0,0.0,0.0,
002440,0,0.0,0.0,
002441,0,0.0,0.0,
002442,0,0.0,0.0,
002443,0,0.0,0.0,
002445,0,0.0,0.0,
002448,0,0.0,0.0,
002449,0,0.0,0.0,
002451,0,0.0,0.0,
002452,0,0.0,0.0,
002453,0,0.0,0.0,
002454,0,0.0,0.0,
002455,0,0.0,0.0,
002456,0,0.0,0.0,
002458,0,0.0,0.0,
002459,0,0.0,0.0,
002460,0,0.0,0.0,
002462,0,0.0,0.0,
002465,0,0.0,0.0,
002467,0,0.0,0.0,
002468,0,0.0,0.0,
002469,0,0.0,0.0,
002474,0,0.0,0.0,
002475,0,0.0,0.0,
002476,0,0.0,0.0,
002479,0,0.0,0.0,
002483,0,0.0,0.0,
002486,0,0.0,0.0,
002487,0,0.0,0.0,
002488,0,0.0,0.0,
002489,0,0.0,0.0,
002491,0,0.0,0.0,
002492,0,0.0,0.0,
002496,0,0.0,0.0,
002497,0,0.0,0.0,
002510,0,0.0,0.0,
002513,0,0.0,0.0,
002517,0,0.0,0.0,
002518,0,0.0,0.0,
002521,0,0.0,0.0,
002522,0,0.0,0.0,
002523,0,0.0,0.0,
002524,0,0.0,0.0,
002526,0,0.0,0.0,
002527,0,0.0,0.0,
002531,0,0.0,0.0,
002532,0,0.0,0.0,
002534,0,0.0,0.0,
002539,0,0.0,0.0,
002541,0,0.0,0.0,
002543,0,0.0,0.0,
002544,0,0.0,0.0,
002545,0,0.0,0.0,
002546,0,0.0,0.0,
002548,0,0.0,0.0,
002549,0,0.0,0.0,
002550,0,0.0,0.0,
002552,0,0.0,0.0,
002553,0,0.0,0.0,
002555,0,0.0,0.0,
002559,0,0.0,0.0,
002560,0,0.0,0.0,
002562,0,0.0,0.0,
002564,0,0.0,0.0,
002566,0,0.0,0.0,
002568,0,0.0,0.0,
002570,0,0.0,0.0,
002571,0,0.0,0.0,
002573,0,0.0,0.0,
002574,0,0.0,0.0,
002575,0,0.0,0.0,
002577,0,0.0,0.0,
002578,0,0.0,0.0,
002579,0,0.0,0.0,
002580,0,0.0,0.0,
002582,0,0.0,0.0,
002583,0,0.0,0.0,
002585,0,0.0,0.0,
002587,0,0.0,0.0,
002588,0,0.0,0.0,
002589,0,0.0,0.0,
002590,0,0.0,0.0,
002591,0,0.0,0.0,
002595,0,0.0,0.0,
002596,0,0.0,0.0,
002597,0,0.0,0.0,
002600,0,0.0,0.0,
002601,0,0.0,0.0,
002605,0,0.0,0.0,
002607,0,0.0,0.0,
002608,0,0.0,0.0,
002609,0,0.0,0.0,
002612,0,0.0,0.0,
002614,0,0.0,0.0,
002615,0,0.0,0.0,
002617,0,0.0,0.0,
002622,0,0.0,0.0,
002623,0,0.0,0.0,
002624,0,0.0,0.0,
002625,0,0.0,0.0,
002626,0,0.0,0.0,
002627,0,0.0,0.0,
002628,0,0.0,0.0,
002629,0,0.0,0.0,
002632,0,0.0,0.0,
002633,0,0.0,0.0,
002638,0,0.0,0.0,
002640,0,0.0,0.0,
002642,0,0.0,0.0,
002643,0,0.0,0.0,
002644,0,0.0,0.0,
002646,0,0.0,0.0,
002647,0,0.0,0.0,
002648,0,0.0,0.0,
002649,0,0.0,0.0,
002651,0,0.0,0.0,
002652,0,0.0,0.0,
002653,0,0.0,0.0,
002654,0,0.0,0.0,
002655,0,0.0,0.0,
002657,0,0.0,0.0,
002658,0,0.0,0.0,
002659,0,0.0,0.0,
002660,0,0.0,0.0,
002661,0,0.0,0.0,
002662,0,0.0,0.0,
002664,0,0.0,0.0,
002668,0,0.0,0.0,
002669,0,0.0,0.0,
002670,0,0.0,0.0,
002672,0,0.0,0.0,
002675,0,0.0,0.0,
002676,0,0.0,0.0,
002677,0,0.0,0.0,
002678,0,0.0,0.0,
002679,0,0.0,0.0,
002681,0,0.0,0.0,
002682,0,0.0,0.0,
002686,0,0.0,0.0,
002687,0,0.0,0.0,
002688,0,0.0,0.0,
002692,0,0.0,0.0,
002693,0,0.0,0.0,
002695,0,0.0,0.0,
002696,0,0.0,0.0,
002698,0,0.0,0.0,
002700,0,0.0,0.0,
002702,0,0.0,0.0,
002703,0,0.0,0.0,
002705,0,0.0,0.0,
002706,0,0.0,0.0,
002707,0,0.0,0.0,
002708,0,0.0,0.0,
002712,0,0.0,0.0,
002713,0,0.0,0.0,
002715,0,0.0,0.0,
002716,0,0.0,0.0,
002718,0,0.0,0.0,
002721,0,0.0,0.0,
002723,0,0.0,0.0,
002724,0,0.0,0.0,
002725,0,0.0,0.0,
002728,0,0.0,0.0,
002729,0,0.0,0.0,
002730,0,0.0,0.0,
002734,0,0.0,0.0,
002735,0,0.0,0.0,
002738,0,0.0,0.0,
002739,0,0.0,0.0,
002742,0,0.0,0.0,
002747,0,0.0,0.0,
002748,0,0.0,0.0,
002752,0,0.0,0.0,
002755,0,0.0,0.0,
002757,0,0.0,0.0,
002760,0,0.0,0.0,
002761,0,0.0,0.0,
002763,0,0.0,0.0,
002765,0,0.0,0.0,
002766,0,0.0,0.0,
002767,0,0.0,0.0,
002768,0,0.0,0.0,
002769,0,0.0,0.0,
002771,0,0.0,0.0,
002772,0,0.0,0.0,
002773,0,0.0,0.0,
002775,0,0.0,0.0,
002777,0,0.0,0.0,
002779,0,0.0,0.0,
002780,0,0.0,0.0,
002782,0,0.0,0.0,
002783,0,0.0,0.0,
002785,0,0.0,0.0,
002786,0,0.0,0.0,
002787,0,0.0,0.0,
002788,0,0.0,0.0,
002790,0,0.0,0.0,
002791,0,0.0,0.0,
002793,0,0.0,0.0,
002796,0,0.0,0.0,
002797,0,0.0,0.0,
002798,0,0.0,0.0,
002799,0,0.0,0.0,
002800,0,0.0,0.0,
002802,0,0.0,0.0,
002803,0,0.0,0.0,
002805,0,0.0,0.0,
002806,0,0.0,0.0,
002809,0,0.0,0.0,
002810,0,0.0,0.0,
002811,0,0.0,0.0,
002812,0,0.0,0.0,
002813,0,0.0,0.0,
002815,0,0.0,0.0,
002818,0,0.0,0.0,
002819,0,0.0,0.0,
002820,0,0.0,0.0,
002823,0,0.0,0.0,
002824,0,0.0,0.0,
002825,0,0.0,0.0,
002826,0,0.0,0.0,
002827,0,0.0,0.0,
002829,0,0.0,0.0,
002830,0,0.0,0.0,
002831,0,0.0,0.0,
002832,0,0.0,0.0,
002833,0,0.0,0.0,
002836,0,0.0,0.0,
002837,0,0.0,0.0,
002838,0,0.0,0.0,
002840,0,0.0,0.0,
002841,0,0.0,0.0,
002843,0,0.0,0.0,
002845,0,0.0,0.0,
002846,0,0.0,0.0,
002847,0,0.0,0.0,
002848,0,0.0,0.0,
002849,0,0.0,0.0,
002850,0,0.0,0.0,
002852,0,0.0,0.0,
002855,0,0.0,0.0,
002857,0,0.0,0.0,
002858,0,0.0,0.0,
002859,0,0.0,0.0,
002860,0,0.0,0.0,
002862,0,0.0,0.0,
002863,0,0.0,0.0,
002864,0,0.0,0.0,
002865,0,0.0,0.0,
002866,0,0.0,0.0,
002867,0,0.0,0.0,
002868,0,0.0,0.0,
002869,0,0.0,0.0,
002870,0,0.0,0.0,
002871,0,0.0,0.0,
002873,0,0.0,0.0,
002875,0,0.0,0.0,
002877,0,0.0,0.0,
002879,0,0.0,0.0,
002880,0,0.0,0.0,
002881,0,0.0,0.0,
002885,0,0.0,0.0,
002886,0,0.0,0.0,
002888,0,0.0,0.0,
002889,0,0.0,0.0,
002890,0,0.0,0.0,
002891,0,0.0,0.0,
002893,0,0.0,0.0,
002895,0,0.0,0.0,
002896,0,0.0,0.0,
002899,0,0.0,0.0,
002900,0,0.0,0.0,
002902,0,0.0,0.0,
002905,0,0.0,0.0,
002906,0,0.0,0.0,
002907,0,0.0,0.0,
002908,0,0.0,0.0,
002909,0,0.0,0.0,
002910,0,0.0,0.0,
002911,0,0.0,0.0,
002912,0,0.0,0.0,
002916,0,0.0,0.0,
002918,0,0.0,0.0,
002919,0,0.0,0.0,
002920,0,0.0,0.0,
002921,0,0.0,0.0,
002923,0,0.0,0.0,
002925,0,0.0,0.0,
002928,0,0.0,0.0,
002930,0,0.0,0.0,
002931,0,0.0,0.0,
002933,0,0.0,0.0,
002935,0,0.0,0.0,
002938,0,0.0,0.0,
002940,0,0.0,0.0,
002941,0,0.0,0.0,
002942,0,0.0,0.0,
002943,0,0.0,0.0,
002945,0,0.0,0.0,
002947,0,0.0,0.0,
002948,0,0.0,0.0,
002949,0,0.0,0.0,
002951,0,0.0,0.0,
002953,0,0.0,0.0,
002955,0,0.0,0.0,
002956,0,0.0,0.0,
002957,0,0.0,0.0,
002960,0,0.0,0.0,
002961,0,0.0,0.0,
002962,0,0.0,0.0,
002963,0,0.0,0.0,
002969,0,0.0,0.0,
002970,0,0.0,0.0,
002971,0,0.0,0.0,
002972,0,0.0,0.0,
002973,0,0.0,0.0,
002978,0,0.0,0.0,
002979,0,0.0,0.0,
002981,0,0.0,0.0,
002982,0,0.0,0.0,
002983,0,0.0,0.0,
002985,0,0.0,0.0,
002986,0,0.0,0.0,
002987,0,0.0,0.0,
002988,0,0.0,0.0,
002990,0,0.0,0.0,
002992,0,0.0,0.0,
002995,0,0.0,0.0,
002997,0,0.0,0.0,
002998,0,0.0,0.0,
002999,0,0.0,0.0,
003001,0,0.0,0.0,
003005,0,0.0,0.0,
003006,0,0.0,0.0,
003007,0,0.0,0.0,
003009,0,0.0,0.0,
003010,0,0.0,0.0,
003011,0,0.0,0.0,
003017,0,0.0,0.0,
003018,0,0.0,0.0,
003019,0,0.0,0.0,
003020,0,0.0,0.0,
003021,0,0.0,0.0,
003022,0,0.0,0.0,
003023,0,0.0,0.0,
003026,0,0.0,0.0,
003027,0,0.0,0.0,
003028,0,0.0,0.0,
003029,0,0.0,0.0,
003032,0,0.0,0.0,
003036,0,0.0,0.0,
003037,0,0.0,0.0,
003038,0,0.0,0.0,
003039,0,0.0,0.0,
003040,0,0.0,0.0,
003041,0,0.0,0.0,
003042,0,0.0,0.0,
003043,0,0.0,0.0,
300003,0,0.0,0.0,
300004,0,0.0,0.0,
300005,0,0.0,0.0,
300006,0,0.0,0.0,
300009,0,0.0,0.0,
300016,0,0.0,0.0,
300017,0,0.0,0.0,
300018,0,0.0,0.0,
300020,0,0.0,0.0,
300027,0,0.0,0.0,
300042,0,0.0,0.0,
300044,0,0.0,0.0,
300045,0,0.0,0.0,
300051,0,0.0,0.0,
300052,0,0.0,0.0,
300058,0,0.0,0.0,
300061,0,0.0,0.0,
300062,0,0.0,0.0,
300063,0,0.0,0.0,
300065,0,0.0,0.0,
300067,0,0.0,0.0,
300068,0,0.0,0.0,
300069,0,0.0,0.0,
300071,0,0.0,0.0,
300072,0,0.0,0.0,
300078,0,0.0,0.0,
300083,0,0.0,0.0,
300084,0,0.0,0.0,
300085,0,0.0,0.0,
300088,0,0.0,0.0,
300097,0,0.0,0.0,
300102,0,0.0,0.0,
300103,0,0.0,0.0,
300105,0,0.0,0.0,
300109,0,0.0,0.0,
300110,0,0.0,0.0,
300111,0,0.0,0.0,
300112,0,0.0,0.0,
300113,0,0.0,0.0,
300118,0,0.0,0.0,
300120,0,0.0,0.0,
300121,0,0.0,0.0,
300122,0,0.0,0.0,
300129,0,0.0,0.0,
300131,0,0.0,0.0,
300137,0,0.0,0.0,
300139,0,0.0,0.0,
300141,0,0.0,0.0,
300142,0,0.0,0.0,
300145,0,0.0,0.0,
300149,0,0.0,0.0,
300152,0,0.0,0.0,
300157,0,0.0,0.0,
300162,0,0.0,0.0,
300163,0,0.0,0.0,
300164,0,0.0,0.0,
300165,0,0.0,0.0,
300166,0,0.0,0.0,
300167,0,0.0,0.0,
300169,0,0.0,0.0,
300170,0,0.0,0.0,
300174,0,0.0,0.0,
300175,0,0.0,0.0,
300179,0,0.0,0.0,
300182,0,0.0,0.0,
300185,0,0.0,0.0,
300187,0,0.0,0.0,
300189,0,0.0,0.0,
300191,0,0.0,0.0,
300196,0,0.0,0.0,
300197,0,0.0,0.0,
300200,0,0.0,0.0,
300204,0,0.0,0.0,
300209,0,0.0,0.0,
300210,0,0.0,0.0,
300212,0,0.0,0.0,
300215,0,0.0,0.0,
300221,0,0.0,0.0,
300223,0,0.0,0.0,
300229,0,0.0,0.0,
300231,0,0.0,0.0,
300238,0,0.0,0.0,
300241,0,0.0,0.0,
300242,0,0.0,0.0,
300243,0,0.0,0.0,
300244,0,0.0,0.0,
300245,0,0.0,0.0,
300246,0,0.0,0.0,
300248,0,0.0,0.0,
300251,0,0.0,0.0,
300253,0,0.0,0.0,
300255,0,0.0,0.0,
300257,0,0.0,0.0,
300258,0,0.0,0.0,
300260,0,0.0,0.0,
300263,0,0.0,0.0,
300264,0,0.0,0.0,
300265,0,0.0,0.0,
300267,0,0.0,0.0,
300269,0,0.0,0.0,
300270,0,0.0,0.0,
300275,0,0.0,0.0,
300276,0,0.0,0.0,
300277,0,0.0,0.0,
300279,0,0.0,0.0,
300283,0,0.0,0.0,
300287,0,0.0,0.0,
300289,0,0.0,0.0,
300290,0,0.0,0.0,
300291,0,0.0,0.0,
300300,0,0.0,0.0,
300302,0,0.0,0.0,
300303,0,0.0,0.0,
300305,0,0.0,0.0,
300311,0,0.0,0.0,
300313,0,0.0,0.0,
300314,0,0.0,0.0,
300317,0,0.0,0.0,
300319,0,0.0,0.0,
300321,0,0.0,0.0,
300323,0,0.0,0.0,
300324,0,0.0,0.0,
300331,0,0.0,0.0,
300332,0,0.0,0.0,
300333,0,0.0,0.0,
300334,0,0.0,0.0,
300335,0,0.0,0.0,
300342,0,0.0,0.0,
300343,0,0.0,0.0,
300345,0,0.0,0.0,
300346,0,0.0,0.0,
300349,0,0.0,0.0,
300351,0,0.0,0.0,
300353,0,0.0,0.0,
300359,0,0.0,0.0,
300363,0,0.0,0.0,
300364,0,0.0,0.0,
300368,0,0.0,0.0,
300369,0,0.0,0.0,
300376,0,0.0,0.0,
300377,0,0.0,0.0,
300378,0,0.0,0.0,
300385,0,0.0,0.0,
300386,0,0.0,0.0,
300389,0,0.0,0.0,
300393,0,0.0,0.0,
300399,0,0.0,0.0,
300401,0,0.0,0.0,
300404,0,0.0,0.0,
300409,0,0.0,0.0,
300411,0,0.0,0.0,
300413,0,0.0,0.0,
300414,0,0.0,0.0,
300418,0,0.0,0.0,
300422,0,0.0,0.0,
300423,0,0.0,0.0,
300426,0,0.0,0.0,
300427,0,0.0,0.0,
300430,0,0.0,0.0,
300434,0,0.0,0.0,
300435,0,0.0,0.0,
300436,0,0.0,0.0,
300437,0,0.0,0.0,
300438,0,0.0,0.0,
300442,0,0.0,0.0,
300444,0,0.0,0.0,
300449,0,0.0,0.0,
300452,0,0.0,0.0,
300454,0,0.0,0.0,
300456,0,0.0,0.0,
300461,0,0.0,0.0,
300463,0,0.0,0.0,
300464,0,0.0,0.0,
300469,0,0.0,0.0,
300475,0,0.0,0.0,
300480,0,0.0,0.0,
300481,0,0.0,0.0,
300483,0,0.0,0.0,
300486,0,0.0,0.0,
300487,0,0.0,0.0,
300488,0,0.0,0.0,
300497,0,0.0,0.0,
300499,0,0.0,0.0,
300503,0,0.0,0.0,
300504,0,0.0,0.0,
300505,0,0.0,0.0,
300506,0,0.0,0.0,
300508,0,0.0,0.0,
300510,0,0.0,0.0,
300515,0,0.0,0.0,
300516,0,0.0,0.0,
300518,0,0.0,0.0,
300520,0,0.0,0.0,
300522,0,0.0,0.0,
300528,0,0.0,0.0,
300530,0,0.0,0.0,
300532,0,0.0,0.0,
300533,0,0.0,0.0,
300534,0,0.0,0.0,
300536,0,0.0,0.0,
300539,0,0.0,0.0,
300540,0,0.0,0.0,
300545,0,0.0,0.0,
300548,0,0.0,0.0,
300552,0,0.0,0.0,
300561,0,0.0,0.0,
300563,0,0.0,0.0,
300566,0,0.0,0.0,
300570,0,0.0,0.0,
300571,0,0.0,0.0,
300577,0,0.0,0.0,
300578,0,0.0,0.0,
300580,0,0.0,0.0,
300581,0,0.0,0.0,
300582,0,0.0,0.0,
300584,0,0.0,0.0,
300588,0,0.0,0.0,
300590,0,0.0,0.0,
300592,0,0.0,0.0,
300598,0,0.0,0.0,
300599,0,0.0,0.0,
300601,0,0.0,0.0,
300604,0,0.0,0.0,
300606,0,0.0,0.0,
300607,0,0.0,0.0,
300608,0,0.0,0.0,
300613,0,0.0,0.0,
300615,0,0.0,0.0,
300616,0,0.0,0.0,
300617,0,0.0,0.0,
300620,0,0.0,0.0,
300624,0,0.0,0.0,
300626,0,0.0,0.0,
300629,0,0.0,0.0,
300632,0,0.0,0.0,
300634,0,0.0,0.0,
300639,0,0.0,0.0,
300642,0,0.0,0.0,
300643,0,0.0,0.0,
300649,0,0.0,0.0,
300650,0,0.0,0.0,
300651,0,0.0,0.0,
300652,0,0.0,0.0,
300656,0,0.0,0.0,
300657,0,0.0,0.0,
300658,0,0.0,0.0,
300663,0,0.0,0.0,
300665,0,0.0,0.0,
300666,0,0.0,0.0,
300671,0,0.0,0.0,
300679,0,0.0,0.0,
300684,0,0.0,0.0,
300686,0,0.0,0.0,
300689,0,0.0,0.0,
300690,0,0.0,0.0,
300691,0,0.0,0.0,
300695,0,0.0,0.0,
300706,0,0.0,0.0,
300708,0,0.0,0.0,
300710,0,0.0,0.0,
300711,0,0.0,0.0,
300715,0,0.0,0.0,
300718,0,0.0,0.0,
300719,0,0.0,0.0,
300720,0,0.0,0.0,
300724,0,0.0,0.0,
300726,0,0.0,0.0,
300731,0,0.0,0.0,
300735,0,0.0,0.0,
300736,0,0.0,0.0,
300737,0,0.0,0.0,
300739,0,0.0,0.0,
300740,0,0.0,0.0,
300741,0,0.0,0.0,
300749,0,0.0,0.0,
300751,0,0.0,0.0,
300753,0,0.0,0.0,
300757,0,0.0,0.0,
300758,0,0.0,0.0,
300765,0,0.0,0.0,
300766,0,0.0,0.0,
300769,0,0.0,0.0,
300773,0,0.0,0.0,
300775,0,0.0,0.0,
300776,0,0.0,0.0,
300779,0,0.0,0.0,
300780,0,0.0,0.0,
300781,0,0.0,0.0,
300785,0,0.0,0.0,
300786,0,0.0,0.0,
300788,0,0.0,0.0,
300789,0,0.0,0.0,
300792,0,0.0,0.0,
300795,0,0.0,0.0,
300798,0,0.0,0.0,
300802,0,0.0,0.0,
300805,0,0.0,0.0,
300806,0,0.0,0.0,
300807,0,0.0,0.0,
300812,0,0.0,0.0,
300816,0,0.0,0.0,
300819,0,0.0,0.0,
300821,0,0.0,0.0,
300827,0,0.0,0.0,
300828,0,0.0,0.0,
300829,0,0.0,0.0,
300830,0,0.0,0.0,
300835,0,0.0,0.0,
300837,0,0.0,0.0,
300839,0,0.0,0.0,
300841,0,0.0,0.0,
300842,0,0.0,0.0,
300843,0,0.0,0.0,
300846,0,0.0,0.0,
300849,0,0.0,0.0,
300852,0,0.0,0.0,
300857,0,0.0,0.0,
300858,0,0.0,0.0,
300861,0,0.0,0.0,
300862,0,0.0,0.0,
300868,0,0.0,0.0,
300871,0,0.0,0.0,
300873,0,0.0,0.0,
300878,0,0.0,0.0,
300880,0,0.0,0.0,
300882,0,0.0,0.0,
300884,0,0.0,0.0,
300885,0,0.0,0.0,
300887,0,0.0,0.0,
300890,0,0.0,0.0,
300894,0,0.0,0.0,
300895,0,0.0,0.0,
300897,0,0.0,0.0,
300903,0,0.0,0.0,
300905,0,0.0,0.0,
300907,0,0.0,0.0,
300911,0,0.0,0.0,
300912,0,0.0,0.0,
300916,0,0.0,0.0,
300922,0,0.0,0.0,
300927,0,0.0,0.0,
300929,0,0.0,0.0,
300931,0,0.0,0.0,
300936,0,0.0,0.0,
300937,0,0.0,0.0,
300939,0,0.0,0.0,
300943,0,0.0,0.0,
300945,0,0.0,0.0,
300952,0,0.0,0.0,
300956,0,0.0,0.0,
300959,0,0.0,0.0,
300961,0,0.0,0.0,
300964,0,0.0,0.0,
300965,0,0.0,0.0,
300968,0,0.0,0.0,
300970,0,0.0,0.0,
300975,0,0.0,0.0,
300980,0,0.0,0.0,
300981,0,0.0,0.0,
300982,0,0.0,0.0,
300985,0,0.0,0.0,
300986,0,0.0,0.0,
300987,0,0.0,0.0,
300992,0,0.0,0.0,
300996,0,0.0,0.0,
300997,0,0.0,0.0,
301000,0,0.0,0.0,
301001,0,0.0,0.0,
301003,0,0.0,0.0,
301008,0,0.0,0.0,
301012,0,0.0,0.0,
301013,0,0.0,0.0,
301016,0,0.0,0.0,
301019,0,0.0,0.0,
301020,0,0.0,0.0,
301022,0,0.0,0.0,
301023,0,0.0,0.0,
301025,0,0.0,0.0,
301026,0,0.0,0.0,
301028,0,0.0,0.0,
301030,0,0.0,0.0,
301031,0,0.0,0.0,
301032,0,0.0,0.0,
301033,0,0.0,0.0,
301043,0,0.0,0.0,
301045,0,0.0,0.0,
301047,0,0.0,0.0,
301048,0,0.0,0.0,
301051,0,0.0,0.0,
301055,0,0.0,0.0,
301060,0,0.0,0.0,
301066,0,0.0,0.0,
301068,0,0.0,0.0,
301070,0,0.0,0.0,
301071,0,0.0,0.0,
301077,0,0.0,0.0,
301079,0,0.0,0.0,
301080,0,0.0,0.0,
301081,0,0.0,0.0,
301082,0,0.0,0.0,
301085,0,0.0,0.0,
301092,0,0.0,0.0,
301093,0,0.0,0.0,
301099,0,0.0,0.0,
301100,0,0.0,0.0,
301106,0,0.0,0.0,
301111,0,0.0,0.0,
301112,0,0.0,0.0,
301115,0,0.0,0.0,
301117,0,0.0,0.0,
301119,0,0.0,0.0,
301120,0,0.0,0.0,
301121,0,0.0,0.0,
301123,0,0.0,0.0,
301127,0,0.0,0.0,
301128,0,0.0,0.0,
301129,0,0.0,0.0,
301130,0,0.0,0.0,
301132,0,0.0,0.0,
301148,0,0.0,0.0,
301149,0,0.0,0.0,
301151,0,0.0,0.0,
301152,0,0.0,0.0,
301157,0,0.0,0.0,
301158,0,0.0,0.0,
301159,0,0.0,0.0,
301165,0,0.0,0.0,
301166,0,0.0,0.0,
301171,0,0.0,0.0,
301175,0,0.0,0.0,
301176,0,0.0,0.0,
301177,0,0.0,0.0,
301179,0,0.0,0.0,
301181,0,0.0,0.0,
301182,0,0.0,0.0,
301183,0,0.0,0.0,
301188,0,0.0,0.0,
301189,0,0.0,0.0,
301190,0,0.0,0.0,
301191,0,0.0,0.0,
301193,0,0.0,0.0,
301195,0,0.0,0.0,
301196,0,0.0,0.0,
301197,0,0.0,0.0,
301199,0,0.0,0.0,
301200,0,0.0,0.0,
301202,0,0.0,0.0,
301207,0,0.0,0.0,
301211,0,0.0,0.0,
301213,0,0.0,0.0,
301217,0,0.0,0.0,
301218,0,0.0,0.0,
301219,0,0.0,0.0,
301222,0,0.0,0.0,
301226,0,0.0,0.0,
301227,0,0.0,0.0,
301230,0,0.0,0.0,
301231,0,0.0,0.0,
301232,0,0.0,0.0,
301234,0,0.0,0.0,
301235,0,0.0,0.0,
301236,0,0.0,0.0,
301237,0,0.0,0.0,
301248,0,0.0,0.0,
301251,0,0.0,0.0,
301255,0,0.0,0.0,
301256,0,0.0,0.0,
301257,0,0.0,0.0,
301259,0,0.0,0.0,
301261,0,0.0,0.0,
301262,0,0.0,0.0,
301265,0,0.0,0.0,
301270,0,0.0,0.0,
301273,0,0.0,0.0,
301275,0,0.0,0.0,
301279,0,0.0,0.0,
301286,0,0.0,0.0,
301292,0,0.0,0.0,
301293,0,0.0,0.0,
301302,0,0.0,0.0,
301306,0,0.0,0.0,
301307,0,0.0,0.0,
301308,0,0.0,0.0,
301310,0,0.0,0.0,
301312,0,0.0,0.0,
301313,0,0.0,0.0,
301315,0,0.0,0.0,
301317,0,0.0,0.0,
301319,0,0.0,0.0,
301321,0,0.0,0.0,
301322,0,0.0,0.0,
301323,0,0.0,0.0,
301329,0,0.0,0.0,
301330,0,0.0,0.0,
301333,0,0.0,0.0,
301338,0,0.0,0.0,
301348,0,0.0,0.0,
301349,0,0.0,0.0,
301356,0,0.0,0.0,
301357,0,0.0,0.0,
301360,0,0.0,0.0,
301362,0,0.0,0.0,
301363,0,0.0,0.0,
301366,0,0.0,0.0,
301368,0,0.0,0.0,
301369,0,0.0,0.0,
301373,0,0.0,0.0,
301377,0,0.0,0.0,
301378,0,0.0,0.0,
301379,0,0.0,0.0,
301387,0,0.0,0.0,
301390,0,0.0,0.0,
301392,0,0.0,0.0,
301396,0,0.0,0.0,
301399,0,0.0,0.0,
301408,0,0.0,0.0,
301418,0,0.0,0.0,
301419,0,0.0,0.0,
301421,0,0.0,0.0,
301428,0,0.0,0.0,
301439,0,0.0,0.0,
301449,0,0.0,0.0,
301486,0,0.0,0.0,
301489,0,0.0,0.0,
301499,0,0.0,0.0,
301500,0,0.0,0.0,
301511,0,0.0,0.0,
301513,0,0.0,0.0,
301515,0,0.0,0.0,
301516,0,0.0,0.0,
301526,0,0.0,0.0,
301529,0,0.0,0.0,
301548,0,0.0,0.0,
301550,0,0.0,0.0,
301563,0,0.0,0.0,
301565,0,0.0,0.0,
301587,0,0.0,0.0,
301591,0,0.0,0.0,
301596,0,0.0,0.0,
301602,0,0.0,0.0,
301603,0,0.0,0.0,
301606,0,0.0,0.0,
301607,0,0.0,0.0,
301626,0,0.0,0.0,
301628,0,0.0,0.0,
301629,0,0.0,0.0,
301630,0,0.0,0.0,
301636,0,0.0,0.0,
301638,0,0.0,0.0,
301658,0,0.0,0.0,
301666,0,0.0,0.0,
301667,0,0.0,0.0,
301668,0,0.0,0.0,
301687,0,0.0,0.0,
301696,0,0.0,0.0,
601231,1,0.0,-0.0003076923076922311,
600552,2,0.5,-0.0018884597866322128,0.9603682137928692
600875,1,0.0,-0.002349256068911565,
000733,1,0.0,-0.0035498757543486192,
002519,1,0.0,-0.0036452004860269005,
605188,1,0.0,-0.0037537537537537524,
001229,1,0.0,-0.005484916479680857,
002432,2,0.5,-0.005505835737188769,0.5912421426526896
600076,1,0.0,-0.005633802816901401,
002167,1,0.0,-0.005847953216374324,
000791,1,0.0,-0.0060975609756097615,
002498,1,0.0,-0.006651884700665023,
002631,2,0.5,-0.006703381111439921,0.6283090749242953
605488,2,0.5,-0.007262056577125031,0.06447624094683484
600829,1,0.0,-0.007858546168958758,
002364,2,0.5,-0.009348354296029038,0.7225238474860473
601992,1,0.0,-0.009433962264150941,
600527,2,0.0,-0.009689922480620228,
000566,1,0.0,-0.00994035785288272,
002795,1,0.0,-0.011378002528445008,
603637,1,0.0,-0.012286324786324854,
600838,1,0.0,-0.012629161882893314,
000692,1,0.0,-0.013282732447817747,
002842,1,0.0,-0.01418020679468257,
600063,1,0.0,-0.014844804318488558,
601678,1,0.0,-0.015126050420168013,
000426,1,0.0,-0.015127639457926279,
600868,1,0.0,-0.01534526854219953,
002457,1,0.0,-0.015898251192368762,
603130,1,0.0,-0.01626974770101386,
603337,1,0.0,-0.016393442622950838,
002316,1,0.0,-0.016393442622950838,
600539,2,0.5,-0.016540282762920633,0.5937293046357622
600475,1,0.0,-0.01706331387516835,
001209,1,0.0,-0.017653167185877505,
600103,1,0.0,-0.01822916666666663,
000720,1,0.0,-0.018939393939394034,
603068,1,0.0,-0.01902643933778092,
002194,1,0.0,-0.019323671497584516,
603458,1,0.0,-0.01945795691452401,
000833,1,0.0,-0.0211985324092947,
600769,1,0.0,-0.021428571428571463,
000670,1,0.0,-0.02192448233861166,
301566,1,0.0,-0.022251308900523625,
600403,1,0.0,-0.02313624678663251,
002635,1,0.0,-0.023306233062330595,
600433,1,0.0,-0.023872679045092826,
603379,1,0.0,-0.02408843425177365,
300093,1,0.0,-0.024137931034482807,
002429,1,0.0,-0.025471698113207486,
002345,1,0.0,-0.02708481824661435,
603200,1,0.0,-0.02714708785784803,
000415,1,0.0,-0.02733485193621865,
300834,1,0.0,-0.02849740932642486,
605089,1,0.0,-0.02850241545893717,
000158,1,0.0,-0.029126213592232997,
603402,1,0.0,-0.03005887821506048,
002828,1,0.0,-0.030256012412723132,
601226,1,0.0,-0.030581039755351758,
600354,1,0.0,-0.03250478011472291,
002371,1,0.0,-0.033246073298429324,
002471,1,0.0,-0.033953997809419545,
600510,1,0.0,-0.034117647058823475,
002565,1,0.0,-0.03458737864077677,
000968,1,0.0,-0.03495145631067975,
002989,1,0.0,-0.03496081977094623,
605099,2,0.0,-0.03679478768402167,
301282,1,0.0,-0.038301799723119645,
300900,1,0.0,-0.03860103626943012,
603070,1,0.0,-0.0388235294117647,
603192,1,0.0,-0.03969754253308133,
002663,1,0.0,-0.04149377593361003,
000630,1,0.0,-0.041543026706231445,
603318,1,0.0,-0.04284103720405852,
603881,2,0.0,-0.04494210090470829,
002426,1,0.0,-0.04582210242587603,
002409,1,0.0,-0.04597624449486193,
603806,2,0.0,-0.04695486548309069,
000795,1,0.0,-0.04742268041237108,
003030,2,0.0,-0.04824351731131393,
002384,2,0.5,-0.04940470236286609,0.5836840987727538
600722,1,0.0,-0.05053908355795145,
600703,1,0.0,-0.05067766647024152,
600078,1,0.0,-0.05075053609721236,
603120,1,0.0,-0.05102040816326536,
002882,1,0.0,-0.05143338954468801,
600191,1,0.0,-0.05284227381905526,
000070,1,0.0,-0.05457997152349303,
603358,1,0.0,-0.05478260869565221,
603958,1,0.0,-0.05493998153277935,
002637,1,0.0,-0.054973821989528826,
600851,1,0.0,-0.05781057810578116,
600744,1,0.0,-0.05784204671857618,
600183,1,0.0,-0.06035557304992467,
000829,1,0.0,-0.06114649681528661,
600470,1,0.0,-0.06174496644295302,
002350,1,0.0,-0.06188281764318626,
000533,1,0.0,-0.06260720411663812,
000555,2,0.5,-0.0635724054435799,0.03718141133167358
603001,1,0.0,-0.06562499999999993,
002008,1,0.0,-0.06604402935290199,
600227,1,0.0,-0.06682027649769584,
301468,1,0.0,-0.07141493221309902,
002245,1,0.0,-0.07243195785777001,
000905,1,0.0,-0.0725863284002819,
001389,2,0.5,-0.07294739085834573,0.0379756843177897
002639,1,0.0,-0.0755119453924914,
003031,1,0.0,-0.07565830139695884,
603090,1,0.0,-0.08031496062992127,
000035,1,0.0,-0.08068783068783059,
300214,2,0.5,-0.08155832853427825,0.2337037621167816
600192,1,0.0,-0.09170305676855894,
600584,1,0.0,-0.0937281417579856,
603800,2,0.5,-0.0957332592011389,0.5115707792457412
600266,1,0.0,-0.09800664451827246,
601908,1,0.0,-0.1026200873362445,
002036,1,0.0,-0.1030383091149274,
002463,1,0.0,-0.10362165707206872,
603286,1,0.0,-0.10482283464566933,
603375,1,0.0,-0.10609037328094295,
603353,1,0.0,-0.106822262118492,
002470,1,0.0,-0.10869565217391308,
001226,1,0.0,-0.1132114238750771,
002976,1,0.0,-0.11826585910105203,
601106,1,0.0,-0.11925042589437818,
603655,1,0.0,-0.1195094760312152,
002792,2,0.0,-0.12022664010659212,
603194,1,0.0,-0.12250262881177698,
000536,1,0.0,-0.12590799031476996,
603758,1,0.0,-0.13012618296529976,
002135,1,0.0,-0.1331853496115427,
603929,1,0.0,-0.13609093779602133,
603171,2,0.0,-0.14041158853489938,
603236,1,0.0,-0.1447684391080617,
603048,1,0.0,-0.1486920605782468,
001258,1,0.0,-0.14898255813953476,
002418,2,0.0,-0.14955975701317326,
603696,1,0.0,-0.15000000000000002,
002892,1,0.0,-0.15059687786960518,
002606,1,0.0,-0.1573301549463647,
002980,1,0.0,-0.1687893081761006,
605555,1,0.0,-0.17320458660229332,
000631,1,0.0,-0.17365269461077848,
301588,1,0.0,-0.17671273154954426,
002115,1,0.0,-0.17762326169405818,
601609,1,0.0,-0.18715305313243458,
301139,1,0.0,-0.19069069069069078,
002165,1,0.0,-0.19170579029733958,
002897,1,0.0,-0.1927012278308321,
600206,1,0.0,-0.1971666666666666,
002506,1,0.0,-0.19761499148211248,
003004,1,0.0,-0.20179260550230294,
600797,1,0.0,-0.2024242424242424,
000818,2,0.0,-0.20417840737693677,
002195,1,0.0,-0.2072490706319703,
600666,1,0.0,-0.21319796954314718,
603667,1,0.0,-0.2159736423540104,
600611,1,0.0,-0.22030237580993517,
605255,1,0.0,-0.22790633797981186,
002851,1,0.0,-0.23110204586191974,
000036,1,0.0,-0.23175965665236054,
002645,2,0.0,-0.23237865801050922,
002353,1,0.0,-0.2358716615042955,
600683,1,0.0,-0.23764705882352932,
000603,1,0.0,-0.23901859912940238,
002878,1,0.0,-0.24159797083069112,
601212,1,0.0,-0.2425373134328359,
000628,1,0.0,-0.24273279684677285,
002484,1,0.0,-0.2575688595492829,
603303,1,0.0,-0.2778420038535646,
002210,1,0.0,-0.2793103448275862,
002922,1,0.0,-0.2832153269471054,
603159,1,0.0,-0.293040293040293,
000021,1,0.0,-0.2945950613020203,
603052,1,0.0,-0.3044903310390037,
002181,1,0.0,-0.30799999999999994,
300593,1,0.0,-0.3098951674763488,
002446,1,0.0,-0.3112701252236135,
603269,1,0.0,-0.321763085399449,
600903,1,0.0,-0.33619763694951676,
002950,1,0.0,-0.3520055325034579,
002613,1,0.0,-0.37254901960784303,
301528,1,0.0,-0.4808999296929928,
002733,1,0.0,-0.5005643340857788,
600367,1,0.0,-0.55141065830721,
001268,1,0.0,-0.5555831265508684,
