方案,代码,名称,买入日,持有天数,投入(万),现价,浮动盈亏%,分批明细
分批 3根半仓+4根半仓,000815,美利云,2026-08-31,11,20.0,15.44,-6.93,10万@16.59 + 10万@16.59
分批 3根半仓+4根半仓,301526,国际复材,2026-08-31,11,20.0,30.69,1.66,10万@31.00 + 10万@29.42
分批 3根半仓+4根半仓,300308,中际旭创,2026-08-31,11,10.0,926.0,8.7,10万@851.90
分批 3根半仓+4根半仓,000636,风华高科,2026-08-31,11,20.0,55.99,5.1,10万@55.88 + 10万@50.90
分批 3根半仓+4根半仓,300408,三环集团,2026-08-31,11,10.0,124.36,8.14,10万@115.00
分批 3根半仓+4根半仓,002859,洁美科技,2026-08-31,11,20.0,63.99,-0.96,10万@68.18 + 10万@61.40
分批 3根半仓+4根半仓,301217,铜冠铜箔,2026-09-09,2,20.0,107.25,-0.53,10万@107.21 + 10万@108.45
分批 3根半仓+4根半仓,300285,国瓷材料,2026-09-11,0,10.0,62.77,0.0,10万@62.77
严格 第4根一把满仓,000815,美利云,2026-09-01,10,20.0,15.44,-6.93,20万@16.59
严格 第4根一把满仓,301217,铜冠铜箔,2026-09-10,1,20.0,107.25,-1.11,20万@108.45
严格 第4根一把满仓,301526,国际复材,2026-09-10,1,20.0,30.69,4.32,20万@29.42
严格 第4根一把满仓,000636,风华高科,2026-09-10,1,20.0,55.99,10.0,20万@50.90
严格 第4根一把满仓,002859,洁美科技,2026-09-10,1,20.0,63.99,4.22,20万@61.40
