date,分批 3根半仓+4根半仓,严格 第4根一把满仓
2026-01-05,0.0,0.0
2026-01-06,0.0,0.0
2026-01-07,0.0,0.0
2026-01-08,0.0,0.0
2026-01-09,0.0,0.0
2026-01-12,0.0,0.0
2026-01-13,0.0,0.0
2026-01-14,0.0,0.0
2026-01-15,0.0,0.0
2026-01-16,-0.00031999999999998696,0.0
2026-01-19,0.0032009276834592537,-0.00048000000000003595
2026-01-20,-0.028066567561033873,-0.03181173217757105
2026-01-21,-0.018599864389926224,-0.028928083434985985
2026-01-22,-0.0022379513307028143,-0.009978743616173014
2026-01-23,-0.025796434888472497,-0.0333011560148605
2026-01-26,-0.012801438113664743,-0.006030418704512486
2026-01-27,0.01199988633918414,0.03452354191344709
2026-01-28,0.03245587451495946,0.07333345056957863
2026-01-29,0.008295290710518488,0.0671438299642475
2026-01-30,0.0573392096248162,0.14382490169570783
2026-02-02,0.0383657672754425,0.1177634991243457
2026-02-03,0.0689380283531753,0.1824417633001174
2026-02-04,0.0502482717618844,0.18214103015420813
2026-02-05,0.007505461256207102,0.12838074638856023
2026-02-06,-0.002356197662146897,0.11544083310838138
2026-02-09,0.036060690318663324,0.14698966033294858
2026-02-10,0.04131021534338286,0.14442970785236997
2026-02-11,0.04101747739446804,0.15337166643732503
2026-02-12,0.08200897855918554,0.16755432532485615
2026-02-13,0.07814150614648518,0.14305318297750902
2026-02-24,0.11323007987908795,0.1997043068403932
2026-02-25,0.13503357606975297,0.2358403082542282
2026-02-26,0.18580807182665526,0.25807463239453865
2026-02-27,0.16168703680741192,0.23732367182679903
2026-03-02,0.1717615091837501,0.2471058256855998
2026-03-03,0.1320445683987681,0.20363418068210914
2026-03-04,0.1454948692085758,0.19507879750249724
2026-03-05,0.1561471084037298,0.2065661886069956
2026-03-06,0.16261504356293988,0.2019343680437924
2026-03-09,0.16810725618758515,0.19621677842539342
2026-03-10,0.18624062061636049,0.20206345965371142
2026-03-11,0.17948426751051438,0.1950741685795263
2026-03-12,0.1599491103126931,0.1853846772738481
2026-03-13,0.15293519367906305,0.18098211893789107
2026-03-16,0.1806765842117941,0.23702032406636508
2026-03-17,0.1491264342175449,0.2086213488206643
2026-03-18,0.18645262924759254,0.2607566100760088
2026-03-19,0.15677167080193577,0.2277281016462842
2026-03-20,0.12657255340100426,0.18532367549930284
2026-03-23,0.07543964761844446,0.14467493982592305
2026-03-24,0.10493855078413916,0.159014818304827
2026-03-25,0.14032968116986466,0.17727874630332097
2026-03-26,0.13432796900935817,0.16237239482634003
2026-03-27,0.13650093205168035,0.16785035841637796
2026-03-30,0.141476601267994,0.1625318212748641
2026-03-31,0.12463526730439822,0.1445264237919308
2026-04-01,0.15814576861731333,0.18293810704880542
2026-04-02,0.14695418766733725,0.1570764368116484
2026-04-03,0.1546611289996105,0.15888129555063935
2026-04-07,0.15964824966078628,0.1808057943235215
2026-04-08,0.21607129877137266,0.25470198265613786
2026-04-09,0.23022724060061983,0.28965759373374467
2026-04-10,0.2647754223443184,0.3277405629414749
2026-04-13,0.2906143616774539,0.37102392596742373
2026-04-14,0.3104832828135098,0.38403439783441184
2026-04-15,0.2970517500955714,0.35730820867891055
2026-04-16,0.30498689598770423,0.36444144228387687
2026-04-17,0.315708929794956,0.36780419179280943
2026-04-20,0.3320982630316647,0.37212932508675634
2026-04-21,0.3146678196136159,0.3716750498812007
2026-04-22,0.313825000869725,0.3708304552866062
2026-04-23,0.3148363833623944,0.3718439688001196
2026-04-24,0.3148363833623944,0.3718439688001196
2026-04-27,0.3131589717855523,0.37016302285417346
2026-04-28,0.3131589717855523,0.37016302285417346
2026-04-29,0.3131589717855523,0.37016302285417346
2026-04-30,0.3131589717855523,0.37016302285417346
2026-05-06,0.3131589717855523,0.37016302285417346
2026-05-07,0.3131589717855523,0.37016302285417346
2026-05-08,0.31299897178555236,0.37016302285417346
2026-05-11,0.31436398819894573,0.3700030228541735
2026-05-12,0.3263798940513203,0.3760279252402907
2026-05-13,0.36475523992603653,0.40768603503269674
2026-05-14,0.36402857332269245,0.4111654565151801
2026-05-15,0.35108955488458293,0.3984616984497884
2026-05-18,0.3540977965176073,0.40138014271383815
2026-05-19,0.35331910396098065,0.40061214582471183
2026-05-20,0.35334374613049446,0.4006364495237349
2026-05-21,0.34226726503601634,0.38986991085654954
2026-05-22,0.34762885503136576,0.3959608222452631
2026-05-25,0.36469899172971676,0.4134227276144451
2026-05-26,0.3594024076394333,0.4033741162854745
2026-05-27,0.3437124886921672,0.39323312699414537
2026-05-28,0.3938807332760639,0.42284765317650974
2026-05-29,0.38885172503290155,0.42589445589362773
2026-06-01,0.32812238812500705,0.38442294077631467
2026-06-02,0.37483986494119703,0.41212775160093273
2026-06-03,0.41820176866790226,0.44189412312821585
2026-06-04,0.42741414215525886,0.44388632640480785
2026-06-05,0.39265957762354553,0.42096579377692267
2026-06-08,0.3560435374013753,0.38122359747318657
2026-06-09,0.4318185844152722,0.432207180293815
2026-06-10,0.41442975065825416,0.40480907645157127
2026-06-11,0.40507825610901116,0.4116832943767583
2026-06-12,0.4033646920300724,0.4032354419387967
2026-06-15,0.49684354965587185,0.5011992057576047
2026-06-16,0.5298068559723612,0.5371542661629416
2026-06-17,0.5794273086272019,0.5775341083021195
2026-06-18,0.6212570219531806,0.628744669840438
2026-06-22,0.6447675652699556,0.6826770568960197
2026-06-23,0.5894909687611489,0.626371195699607
2026-06-24,0.591781468351557,0.634079797201841
2026-06-25,0.6178119173894574,0.6648072226857171
2026-06-26,0.5950030174206744,0.633275839812568
2026-06-29,0.5918066349491173,0.6153087781431199
2026-06-30,0.6094998848248605,0.6382807226023184
2026-07-01,0.5983832626007726,0.6155218364374793
2026-07-02,0.5748488359075377,0.5693972787073431
2026-07-03,0.5807797321482979,0.575125913939653
2026-07-06,0.5759611262332731,0.5596191885770079
2026-07-07,0.5756427554618213,0.563901989191115
2026-07-08,0.5788111450684803,0.5680701137830746
2026-07-09,0.5879412341046946,0.5945315418557491
2026-07-10,0.5583104740947953,0.5869520069520648
2026-07-13,0.5130855191050989,0.5421419427177236
2026-07-14,0.6008987312923517,0.6502523902338118
2026-07-15,0.5646051316653986,0.6069988335002909
2026-07-16,0.5400105449356771,0.581484173403946
2026-07-17,0.41209724410056126,0.4721793501601348
2026-07-20,0.3164709948461162,0.4019083212196226
2026-07-21,0.40279667374539097,0.478499591664022
2026-07-22,0.35827866080765114,0.46686410697163017
2026-07-23,0.35851751493587436,0.45695634483964165
2026-07-24,0.30660777099890835,0.39826230507229554
2026-07-27,0.3672097113441779,0.4661119409176102
2026-07-28,0.24529093187423,0.33660544051455443
2026-07-29,0.22533219707588237,0.33066376906029626
2026-07-30,0.12504525399326316,0.263497540620492
2026-07-31,0.1792170621621243,0.304137215809535
2026-08-03,0.14122933581500563,0.2507080922261691
2026-08-04,0.24289798537512897,0.3513632197635159
2026-08-05,0.3102305505071785,0.4487700379565214
2026-08-06,0.3497354374211208,0.4874400151931686
2026-08-07,0.4397375580917975,0.5837933659649801
2026-08-10,0.42781081529645837,0.569141463196972
2026-08-11,0.4223848337308618,0.5633256579667283
2026-08-12,0.44973389483357606,0.579215509331442
2026-08-13,0.4298261287488421,0.5436556982676806
2026-08-14,0.4533448598953247,0.5519122869122182
2026-08-17,0.4911631986006959,0.569256072421739
2026-08-18,0.480163339672794,0.5642787803944433
2026-08-19,0.4367106424577525,0.5332969622231682
2026-08-20,0.4373114935215823,0.5331369622231683
2026-08-21,0.4361240328643998,0.5319535302705054
2026-08-24,0.43832931694202437,0.5341513324683076
2026-08-25,0.437650767995063,0.5334750856382149
2026-08-26,0.43866859141550485,0.5344894558833542
2026-08-27,0.43715094884073125,0.5329769622231681
2026-08-28,0.4370709488407314,0.5329769622231681
2026-08-31,0.4399367502990392,0.5328169622231682
2026-09-01,0.40927462989557495,0.5299236026327783
2026-09-02,0.39966023572251763,0.5294365983326512
2026-09-03,0.39643598534918767,0.5250243729901283
2026-09-04,0.378372929077339,0.5196559349692458
2026-09-07,0.4043780885760002,0.5209491591055109
2026-09-08,0.39400188884760823,0.513691621452393
2026-09-09,0.3995354947245082,0.5153793851654731
2026-09-10,0.40226169365721187,0.5067827848038096
2026-09-11,0.4390494137461096,0.5394698661854298
