方案,代码,名称,买入日,卖出日,持有天数,投入(万),收益率%,盈亏(万),分批明细
分批 3根半仓+4根半仓,600487,亨通光电,2026-01-16,2026-01-22,6,10.0,5.31,0.53,10万@25.63
分批 3根半仓+4根半仓,512890,红利低波ETF,2026-01-22,2026-01-27,5,20.0,-0.17,-0.03,10万@1.15 + 10万@1.15
分批 3根半仓+4根半仓,300502,新易盛,2026-01-28,2026-02-04,7,10.0,1.56,0.16,10万@393.05
分批 3根半仓+4根半仓,300394,天孚通信,2026-01-16,2026-02-05,20,10.0,27.22,2.72,10万@198.00
分批 3根半仓+4根半仓,601869,长飞光纤,2026-01-19,2026-02-05,17,10.0,37.28,3.73,10万@117.83
分批 3根半仓+4根半仓,300395,菲利华,2026-01-16,2026-02-13,28,20.0,-1.72,-0.34,10万@96.40 + 10万@98.85
分批 3根半仓+4根半仓,600183,生益科技,2026-01-19,2026-02-27,39,10.0,-1.27,-0.13,10万@70.00
分批 3根半仓+4根半仓,301217,铜冠铜箔,2026-01-19,2026-02-27,39,10.0,38.18,3.82,10万@34.34
分批 3根半仓+4根半仓,002837,英维克,2026-01-28,2026-02-27,30,10.0,4.09,0.41,10万@104.24
分批 3根半仓+4根半仓,300499,高澜股份,2026-02-04,2026-03-03,27,10.0,29.88,2.99,10万@28.41
分批 3根半仓+4根半仓,603228,景旺电子,2026-02-05,2026-03-03,26,10.0,4.15,0.41,10万@61.00
分批 3根半仓+4根半仓,300285,国瓷材料,2026-02-05,2026-03-03,26,10.0,18.2,1.82,10万@30.71
分批 3根半仓+4根半仓,002384,东山精密,2026-01-19,2026-03-05,45,10.0,19.14,1.91,10万@77.81
分批 3根半仓+4根半仓,300308,中际旭创,2026-01-16,2026-03-06,49,10.0,-11.59,-1.16,10万@617.00
分批 3根半仓+4根半仓,688525,佰维存储,2026-02-24,2026-03-12,16,10.0,16.58,1.66,10万@174.00
分批 3根半仓+4根半仓,301308,江波龙,2026-03-06,2026-03-12,6,10.0,4.25,0.42,10万@306.00
分批 3根半仓+4根半仓,603986,兆易创新,2026-02-24,2026-03-20,24,10.0,-10.17,-1.02,10万@323.05
分批 3根半仓+4根半仓,002636,金安国纪,2026-02-27,2026-03-20,21,10.0,14.86,1.49,10万@27.25
分批 3根半仓+4根半仓,002938,鹏鼎控股,2026-03-12,2026-04-02,21,10.0,-2.64,-0.26,10万@52.33
分批 3根半仓+4根半仓,601869,长飞光纤,2026-03-12,2026-04-08,27,10.0,47.8,4.78,10万@245.00
分批 3根半仓+4根半仓,300394,天孚通信,2026-03-20,2026-04-14,25,10.0,10.85,1.08,10万@312.00
分批 3根半仓+4根半仓,688008,澜起科技,2026-03-09,2026-04-15,37,20.0,-2.23,-0.45,10万@148.18 + 10万@152.98
分批 3根半仓+4根半仓,002384,东山精密,2026-04-03,2026-04-15,12,10.0,31.89,3.19,10万@110.55
分批 3根半仓+4根半仓,002859,洁美科技,2026-04-08,2026-04-15,7,10.0,-0.82,-0.08,10万@42.47
分批 3根半仓+4根半仓,300408,三环集团,2026-03-20,2026-04-17,28,10.0,19.58,1.96,10万@54.50
分批 3根半仓+4根半仓,688041,海光信息,2026-03-02,2026-04-21,50,10.0,-2.47,-0.25,10万@258.95
分批 3根半仓+4根半仓,512100,中证1000ETF,2026-03-10,2026-04-21,42,20.0,-0.03,-0.01,10万@3.34 + 10万@3.35
分批 3根半仓+4根半仓,159552,中证2000增强ETF,2026-03-10,2026-04-21,42,20.0,3.07,0.61,10万@2.23 + 10万@2.24
分批 3根半仓+4根半仓,002837,英维克,2026-04-08,2026-04-21,13,10.0,19.09,1.91,10万@91.50
分批 3根半仓+4根半仓,512890,红利低波ETF,2026-04-16,2026-04-27,11,20.0,0.21,0.04,10万@1.19 + 10万@1.18
分批 3根半仓+4根半仓,002837,英维克,2026-05-08,2026-05-14,6,10.0,-0.08,-0.01,10万@102.28
分批 3根半仓+4根半仓,300502,新易盛,2026-05-11,2026-05-15,4,20.0,5.59,1.12,10万@563.70 + 10万@592.52
分批 3根半仓+4根半仓,300394,天孚通信,2026-05-08,2026-05-18,10,20.0,16.98,3.4,10万@326.30 + 10万@331.92
分批 3根半仓+4根半仓,600176,中国巨石,2026-05-25,2026-06-01,7,10.0,-2.79,-0.28,10万@39.42
分批 3根半仓+4根半仓,002636,金安国纪,2026-05-26,2026-06-01,6,20.0,3.58,0.72,10万@47.55 + 10万@48.76
分批 3根半仓+4根半仓,512890,红利低波ETF,2026-05-21,2026-06-04,14,10.0,-0.26,-0.03,10万@1.16
分批 3根半仓+4根半仓,601138,工业富联,2026-05-27,2026-06-04,8,10.0,12.09,1.21,10万@70.08
分批 3根半仓+4根半仓,601869,长飞光纤,2026-05-11,2026-06-08,28,20.0,8.5,1.7,10万@400.31 + 10万@411.46
分批 3根半仓+4根半仓,600522,中天科技,2026-06-04,2026-06-10,6,10.0,8.99,0.9,10万@46.06
分批 3根半仓+4根半仓,600487,亨通光电,2026-06-01,2026-06-11,10,10.0,35.52,3.55,10万@75.56
分批 3根半仓+4根半仓,603228,景旺电子,2026-06-11,2026-06-22,11,10.0,1.04,0.1,10万@75.80
分批 3根半仓+4根半仓,688256,寒武纪,2026-05-21,2026-06-23,33,20.0,9.67,1.93,10万@1290.90 + 10万@1286.00
分批 3根半仓+4根半仓,603175,超颖电子,2026-05-26,2026-06-23,28,10.0,-0.54,-0.05,10万@94.23
分批 3根半仓+4根半仓,688525,佰维存储,2026-05-29,2026-06-23,25,10.0,18.97,1.9,10万@327.37
分批 3根半仓+4根半仓,000977,浪潮信息,2026-06-03,2026-06-23,20,20.0,0.33,0.07,10万@64.22 + 10万@63.36
分批 3根半仓+4根半仓,000815,美利云,2026-06-03,2026-06-23,20,10.0,2.67,0.27,10万@16.12
分批 3根半仓+4根半仓,002384,东山精密,2026-06-04,2026-06-23,19,10.0,7.24,0.72,10万@237.80
分批 3根半仓+4根半仓,603688,石英股份,2026-06-08,2026-06-23,15,10.0,18.71,1.87,10万@67.93
分批 3根半仓+4根半仓,512100,中证1000ETF,2026-06-11,2026-06-23,12,10.0,6.82,0.68,10万@3.29
分批 3根半仓+4根半仓,300395,菲利华,2026-06-11,2026-06-23,12,10.0,2.7,0.27,10万@124.00
分批 3根半仓+4根半仓,600498,烽火通信,2026-06-04,2026-06-24,20,10.0,55.94,5.59,10万@52.75
分批 3根半仓+4根半仓,002837,英维克,2026-06-08,2026-06-26,18,10.0,30.28,3.03,10万@63.38
分批 3根半仓+4根半仓,512890,红利低波ETF,2026-07-03,2026-07-16,13,20.0,3.64,0.73,10万@1.09 + 10万@1.11
分批 3根半仓+4根半仓,300394,天孚通信,2026-07-09,2026-07-16,7,20.0,-10.02,-2.0,10万@271.50 + 10万@271.12
分批 3根半仓+4根半仓,300502,新易盛,2026-06-22,2026-07-17,25,20.0,-14.63,-2.93,10万@579.97 + 10万@552.00
分批 3根半仓+4根半仓,000815,美利云,2026-07-10,2026-07-28,18,10.0,12.44,1.24,10万@14.07
分批 3根半仓+4根半仓,601138,工业富联,2026-07-09,2026-08-11,33,20.0,-2.73,-0.55,10万@69.53 + 10万@66.27
分批 3根半仓+4根半仓,002938,鹏鼎控股,2026-07-10,2026-08-13,34,10.0,-2.79,-0.28,10万@98.47
分批 3根半仓+4根半仓,301217,铜冠铜箔,2026-07-16,2026-08-13,28,20.0,-6.94,-1.39,10万@127.21 + 10万@129.05
分批 3根半仓+4根半仓,002463,沪电股份,2026-07-16,2026-08-13,28,10.0,-11.75,-1.17,10万@136.72
分批 3根半仓+4根半仓,600487,亨通光电,2026-07-22,2026-08-13,22,10.0,3.86,0.39,10万@55.12
分批 3根半仓+4根半仓,600183,生益科技,2026-07-16,2026-08-14,29,10.0,-2.57,-0.26,10万@146.99
分批 3根半仓+4根半仓,002636,金安国纪,2026-07-29,2026-08-18,20,10.0,25.93,2.59,10万@54.56
分批 3根半仓+4根半仓,002384,东山精密,2026-07-09,2026-08-19,41,20.0,-21.61,-4.32,10万@261.32 + 10万@242.30
分批 3根半仓+4根半仓,300308,中际旭创,2026-07-09,2026-08-19,41,10.0,-25.05,-2.5,10万@1194.90
分批 3根半仓+4根半仓,002281,光迅科技,2026-07-09,2026-08-19,41,20.0,-24.61,-4.92,10万@238.49 + 10万@233.45
分批 3根半仓+4根半仓,603186,华正新材,2026-07-16,2026-08-19,34,10.0,-1.13,-0.11,10万@177.00
分批 3根半仓+4根半仓,512890,红利低波ETF,2026-08-19,2026-08-27,8,20.0,0.34,0.07,10万@1.18 + 10万@1.18
分批 3根半仓+4根半仓,688041,海光信息,2026-08-28,2026-09-08,11,20.0,-5.1,-1.02,10万@245.49 + 10万@253.90
分批 3根半仓+4根半仓,000021,深科技,2026-09-09,2026-09-11,2,10.0,0.11,0.01,10万@34.99
严格 第4根一把满仓,300394,天孚通信,2026-01-19,2026-02-05,17,30.0,29.76,8.93,20万@193.22 + 10万@195.95
严格 第4根一把满仓,601869,长飞光纤,2026-01-20,2026-02-05,16,20.0,36.62,7.32,20万@118.40
严格 第4根一把满仓,300395,菲利华,2026-01-19,2026-02-13,25,20.0,-2.95,-0.59,20万@98.85
严格 第4根一把满仓,301566,达利凯普,2026-02-06,2026-03-02,24,20.0,21.0,4.2,20万@21.48
严格 第4根一把满仓,603228,景旺电子,2026-02-06,2026-03-03,25,20.0,3.33,0.67,20万@61.48
严格 第4根一把满仓,300285,国瓷材料,2026-02-06,2026-03-03,25,20.0,20.48,4.1,20万@30.13
严格 第4根一把满仓,300308,中际旭创,2026-01-19,2026-03-06,46,30.0,-8.17,-2.45,20万@605.50 + 10万@572.22
严格 第4根一把满仓,603986,兆易创新,2026-02-25,2026-03-20,23,20.0,-6.78,-1.36,20万@311.32
严格 第4根一把满仓,002636,金安国纪,2026-03-13,2026-03-20,7,20.0,7.75,1.55,20万@29.05
严格 第4根一把满仓,002938,鹏鼎控股,2026-03-13,2026-04-02,20,20.0,-0.35,-0.07,20万@51.13
严格 第4根一把满仓,688008,澜起科技,2026-03-10,2026-04-15,36,20.0,-3.79,-0.76,20万@152.98
严格 第4根一把满仓,600176,中国巨石,2026-03-26,2026-04-15,20,20.0,26.94,5.39,20万@24.50
严格 第4根一把满仓,603186,华正新材,2026-03-27,2026-04-15,19,20.0,16.37,3.27,20万@62.60
严格 第4根一把满仓,002384,东山精密,2026-04-07,2026-04-15,8,20.0,33.75,6.75,20万@109.01
严格 第4根一把满仓,512100,中证1000ETF,2026-03-11,2026-04-21,41,20.0,-0.06,-0.01,20万@3.35
严格 第4根一把满仓,159552,中证2000增强ETF,2026-03-11,2026-04-21,41,20.0,3.0,0.6,20万@2.24
严格 第4根一把满仓,512890,红利低波ETF,2026-04-17,2026-04-27,10,20.0,0.42,0.08,20万@1.18
严格 第4根一把满仓,300502,新易盛,2026-05-12,2026-05-15,3,20.0,2.96,0.59,20万@592.52
严格 第4根一把满仓,300394,天孚通信,2026-05-11,2026-05-18,7,20.0,15.98,3.2,20万@331.92
严格 第4根一把满仓,002636,金安国纪,2026-05-27,2026-06-01,5,20.0,2.28,0.46,20万@48.76
严格 第4根一把满仓,601869,长飞光纤,2026-05-12,2026-06-08,27,20.0,7.01,1.4,20万@411.46
严格 第4根一把满仓,600522,中天科技,2026-06-05,2026-06-10,5,20.0,8.96,1.79,20万@46.07
严格 第4根一把满仓,688256,寒武纪,2026-05-22,2026-06-23,32,20.0,9.88,1.98,20万@1286.00
严格 第4根一把满仓,000977,浪潮信息,2026-06-04,2026-06-23,19,20.0,1.01,0.2,20万@63.36
严格 第4根一把满仓,000815,美利云,2026-06-04,2026-06-23,19,20.0,4.22,0.84,20万@15.88
严格 第4根一把满仓,603688,石英股份,2026-06-09,2026-06-23,14,20.0,7.92,1.58,20万@74.72
严格 第4根一把满仓,512100,中证1000ETF,2026-06-12,2026-06-23,11,20.0,6.07,1.21,20万@3.31
严格 第4根一把满仓,600498,烽火通信,2026-06-05,2026-06-24,19,20.0,45.64,9.13,20万@56.48
严格 第4根一把满仓,002281,光迅科技,2026-06-05,2026-06-24,19,20.0,17.04,3.41,20万@227.58
严格 第4根一把满仓,300394,天孚通信,2026-06-23,2026-07-16,23,30.0,-17.66,-5.3,20万@311.06 + 10万@271.12
严格 第4根一把满仓,512890,红利低波ETF,2026-07-06,2026-07-16,10,20.0,2.61,0.52,20万@1.11
严格 第4根一把满仓,300502,新易盛,2026-06-23,2026-07-17,24,30.0,-10.91,-3.27,20万@552.00 + 10万@523.05
严格 第4根一把满仓,603629,利通电子,2026-07-17,2026-07-28,11,20.0,14.05,2.81,20万@90.79
严格 第4根一把满仓,601138,工业富联,2026-07-10,2026-08-11,32,30.0,2.93,0.88,20万@66.27 + 10万@60.25
严格 第4根一把满仓,002938,鹏鼎控股,2026-07-13,2026-08-13,31,20.0,-0.6,-0.12,20万@96.30
严格 第4根一把满仓,301217,铜冠铜箔,2026-07-17,2026-08-13,27,20.0,-7.61,-1.52,20万@129.05
严格 第4根一把满仓,600487,亨通光电,2026-07-23,2026-08-13,21,20.0,2.84,0.57,20万@55.67
严格 第4根一把满仓,301526,国际复材,2026-07-28,2026-08-13,16,20.0,26.22,5.24,20万@28.87
严格 第4根一把满仓,002384,东山精密,2026-07-10,2026-08-19,40,20.0,-18.65,-3.73,20万@242.30
严格 第4根一把满仓,002281,光迅科技,2026-07-10,2026-08-19,40,20.0,-23.8,-4.76,20万@233.45
严格 第4根一把满仓,512890,红利低波ETF,2026-08-20,2026-08-27,7,20.0,0.0,0.0,20万@1.18
严格 第4根一把满仓,688041,海光信息,2026-08-31,2026-09-08,8,20.0,-6.7,-1.34,20万@253.90
